Dia;A;B;C;D;E
12-11-2020;51574,55;44762,51;51588,33;39713,14;49480,95
11-11-2020;51708,55;44838,47;51686,41;39717,70;49461,41
10-11-2020;51678,89;44797,34;51781,06;39795,24;49472,67
09-11-2020;50743,73;44213,67;51410,65;39747,51;49590,07
08-11-2020;50070,14;43747,26;51028,44;39550,09;49467,81
07-11-2020;50070,14;43747,26;51028,44;39550,09;49467,81
06-11-2020;50070,14;43747,26;51028,44;39550,09;49467,81
05-11-2020;49120,16;43091,95;50384,46;39200,44;49274,99
04-11-2020;48778,83;42843,26;50139,75;39042,70;49137,99
03-11-2020;48828,78;42850,30;50086,66;38942,32;49014,39
02-11-2020;48636,96;42708,04;50015,04;38918,80;48991,50
01-11-2020;48941,10;42949,08;50215,17;39042,10;49066,25
31-10-2020;48941,10;42949,08;50215,17;39042,10;49066,25
30-10-2020;48941,10;42949,08;50215,17;39042,10;49066,25
29-10-2020;49280,76;43164,03;50421,25;39096,44;49012,64
28-10-2020;49779,79;43553,26;50708,37;39250,50;49134,56
27-10-2020;50329,83;43916,42;50961,10;39328,17;49119,22
26-10-2020;50708,56;44148,47;51085,46;39346,40;49096,75
25-10-2020;50857,67;44212,11;51144,62;39327,56;49032,77
24-10-2020;50857,67;44212,11;51144,62;39327,56;49032,77
23-10-2020;50857,67;44212,11;51144,62;39327,56;49032,77
22-10-2020;51049,32;44287,56;51202,28;39311,76;48961,62
21-10-2020;51088,50;44322,23;51222,06;39341,79;48957,47
20-10-2020;51001,24;44267,56;51208,42;39371,47;49005,96
19-10-2020;51400,26;44525,18;51341,46;39421,99;49026,27
18-10-2020;51598,43;44636,20;51427,51;39475,14;49062,61
17-10-2020;51598,43;44636,20;51427,51;39475,14;49062,61
16-10-2020;51598,43;44636,20;51427,51;39475,14;49062,61
15-10-2020;51804,16;44786,01;51608,35;39540,29;49073,11
14-10-2020;51789,82;44769,87;51555,87;39513,57;49055,86
13-10-2020;51810,51;44813,63;51572,06;39537,79;49075,35
12-10-2020;51165,74;44301,32;51103,52;39287,20;48885,47
11-10-2020;51165,74;44301,32;51103,52;39287,20;48885,47
10-10-2020;51165,74;44301,32;51103,52;39287,20;48885,47
09-10-2020;51165,74;44301,32;51103,52;39287,20;48885,47
08-10-2020;50611,62;43926,33;50783,37;39126,01;48755,58
07-10-2020;50539,68;43899,51;50814,28;39146,95;48780,87
06-10-2020;50478,37;43839,12;50751,87;39150,04;48864,92
05-10-2020;49825,15;43408,78;50429,62;39034,23;48826,01
04-10-2020;49681,42;43266,83;50199,99;38847,94;48603,45
03-10-2020;49681,42;43266,83;50199,99;38847,94;48603,45
02-10-2020;49681,42;43266,83;50199,99;38847,94;48603,45
01-10-2020;49625,31;43195,76;50117,29;38771,52;48470,19
30-09-2020;49198,19;42882,03;49901,53;38695,05;48480,04
29-09-2020;49265,47;42954,96;49956,20;38756,08;48605,44
28-09-2020;48989,40;42794,41;49925,04;38844,78;48729,96
27-09-2020;48905,37;42759,06;50010,84;38934,13;48824,03
26-09-2020;48905,37;42759,06;50010,84;38934,13;48824,03
25-09-2020;48905,37;42759,06;50010,84;38934,13;48824,03
24-09-2020;48777,85;42768,14;50195,98;39139,20;49053,26
23-09-2020;49000,34;42903,06;50277,40;39216,86;49124,34
22-09-2020;48951,88;42872,08;50314,40;39245,24;49167,01
21-09-2020;49272,27;43102,60;50482,52;39306,35;49154,66
20-09-2020;49423,94;43240,21;50649,33;39470,71;49268,00
19-09-2020;49423,94;43240,21;50649,33;39470,71;49268,00
18-09-2020;49423,94;43240,21;50649,33;39470,71;49268,00
17-09-2020;49423,94;43240,21;50649,33;39470,71;49268,00
16-09-2020;49345,78;43189,96;50632,73;39508,98;49341,89
15-09-2020;49536,44;43303,25;50698,33;39542,02;49357,42
14-09-2020;49124,27;43023,53;50474,77;39429,67;49276,13
13-09-2020;48924,91;42965,86;50484,35;39532,43;49408,35
12-09-2020;48924,91;42965,86;50484,35;39532,43;49408,35
11-09-2020;48924,91;42965,86;50484,35;39532,43;49408,35
10-09-2020;49224,37;43228,60;50700,92;39682,26;49567,40
09-09-2020;49447,29;43409,90;50910,72;39775,66;49642,14
08-09-2020;49783,17;43609,18;51058,32;39866,62;49716,97
07-09-2020;49810,03;43624,99;51110,10;39897,60;49784,50
06-09-2020;50203,12;43899,55;51360,65;40007,40;49833,44
05-09-2020;50203,12;43899,55;51360,65;40007,40;49833,44
04-09-2020;50203,12;43899,55;51360,65;40007,40;49833,44
03-09-2020;50562,15;44116,45;51484,86;40095,85;49862,62
02-09-2020;50285,71;43927,70;51422,11;40101,86;49893,20
01-09-2020;50284,90;43945,29;51404,03;40062,42;49873,61
31-08-2020;50740,93;44291,97;51673,92;40201,65;49953,34
30-08-2020;50749,42;44298,89;51715,11;40219,38;50022,24
29-08-2020;50749,42;44298,89;51715,11;40219,38;50022,24
28-08-2020;50749,42;44298,89;51715,11;40219,38;50022,24
27-08-2020;50822,27;44359,76;51788,80;40257,70;50062,99
26-08-2020;50644,89;44222,19;51603,83;40113,01;49905,91
25-08-2020;50777,30;44274,24;51556,54;40033,34;49787,73
24-08-2020;50631,13;44133,97;51413,05;39919,69;49670,81
23-08-2020;50179,02;43832,04;51141,12;39813,13;49599,59
22-08-2020;50179,02;43832,04;51141,12;39813,13;49599,59
21-08-2020;50179,02;43832,04;51141,12;39813,13;49599,59
20-08-2020;50305,79;43937,16;51195,13;39816,98;49560,70
19-08-2020;51114,09;44420,37;51505,65;39849,71;49486,54
18-08-2020;51405,86;44617,11;51655,30;39928,30;49563,48
17-08-2020;51007,04;44328,11;51440,12;39848,32;49509,20
16-08-2020;50809,89;44235,45;51368,64;39811,14;49480,47
15-08-2020;50809,89;44235,45;51368,64;39811,14;49480,47
14-08-2020;50809,89;44235,45;51368,64;39811,14;49480,47
13-08-2020;50663,79;44123,55;51223,27;39706,42;49401,03
12-08-2020;50563,66;44040,40;51181,94;39679,23;49391,18
11-08-2020;50638,60;44030,68;51110,77;39604,07;49334,73
10-08-2020;49953,04;43582,66;50730,97;39415,84;49200,22
09-08-2020;49695,54;43391,45;50678,62;39419,53;49215,95
08-08-2020;49695,54;43391,45;50678,62;39419,53;49215,95
07-08-2020;49695,54;43391,45;50678,62;39419,53;49215,95
06-08-2020;49551,68;43277,53;50667,23;39458,81;49252,65
05-08-2020;48979,19;42900,78;50287,86;39250,46;49119,19
04-08-2020;48457,17;42563,26;49932,89;39077,61;49009,02
03-08-2020;48148,82;42357,06;49783,46;39003,41;48957,36
02-08-2020;48019,32;42216,03;49637,75;38906,58;48839,05
01-08-2020;48019,32;42216,03;49637,75;38906,58;48839,05
31-07-2020;48019,32;42216,03;49637,75;38906,58;48839,05
30-07-2020;48450,41;42533,34;49955,66;39093,62;48977,60
29-07-2020;48801,55;42785,36;50181,99;39179,29;48987,76
28-07-2020;48770,54;42720,60;50129,52;39146,61;48961,55
27-07-2020;48346,50;42460,53;50014,07;39167,17;49102,85
26-07-2020;48460,19;42515,15;49970,04;39074,06;48956,13
25-07-2020;48460,19;42515,15;49970,04;39074,06;48956,13
24-07-2020;48460,19;42515,15;49970,04;39074,06;48956,13
23-07-2020;48884,94;42688,76;49893,06;38851,71;48627,21
22-07-2020;49196,51;42874,61;50012,18;38848,73;48516,84
21-07-2020;49195,64;42862,84;49940,42;38807,19;48468,41
20-07-2020;49025,06;42746,72;49887,77;38812,06;48526,06
19-07-2020;49001,00;42818,95;50129,58;39092,92;48954,63
18-07-2020;49001,00;42818,95;50129,58;39092,92;48954,63
17-07-2020;49001,00;42818,95;50129,58;39092,92;48954,63
16-07-2020;49139,79;42961,04;50327,47;39257,35;49137,53
15-07-2020;49139,79;42961,04;50327,47;39257,35;49137,53
14-07-2020;49095,20;42920,09;50303,93;39193,26;49065,51
13-07-2020;49180,58;42986,97;50397,06;39287,28;49163,71
12-07-2020;48656,10;42698,32;50237,57;39266,42;49221,61
11-07-2020;48656,10;42698,32;50237,57;39266,42;49221,61
10-07-2020;48656,10;42698,32;50237,57;39266,42;49221,61
09-07-2020;49089,75;43049,65;50658,63;39639,66;49647,80
08-07-2020;49332,66;43164,12;50674,40;39536,75;49501,46
07-07-2020;49715,84;43390,95;50731,32;39483,07;49388,64
06-07-2020;49130,49;42901,30;50277,31;39207,24;49140,55
05-07-2020;48809,51;42693,24;50099,92;39141,58;49103,74
04-07-2020;48809,51;42693,24;50099,92;39141,58;49103,74
03-07-2020;48809,51;42693,24;50099,92;39141,58;49103,74
02-07-2020;48717,99;42599,91;50072,81;39206,51;49166,40
01-07-2020;48611,63;42487,21;49970,48;39134,63;49098,61
30-06-2020;48245,84;42285,46;49872,97;39125,73;49147,18
29-06-2020;48330,88;42355,74;50006,76;39239,31;49285,17
28-06-2020;48330,88;42355,74;50006,76;39239,31;49285,17
27-06-2020;48330,88;42355,74;50006,76;39239,31;49285,17
26-06-2020;48330,88;42355,74;50006,76;39239,31;49285,17
25-06-2020;48536,52;42487,50;50109,62;39234,18;49209,14
24-06-2020;48863,22;42666,62;50246,59;39331,76;49240,84
23-06-2020;48500,26;42424,57;49994,86;39208,35;49186,81
22-06-2020;48535,09;42463,31;50159,25;39380,64;49379,75
21-06-2020;48202,61;42152,58;49642,55;38948,20;48894,74
20-06-2020;48202,61;42152,58;49642,55;38948,20;48894,74
19-06-2020;48202,61;42152,58;49642,55;38948,20;48894,74
18-06-2020;47531,55;41664,29;49059,44;38510,67;48517,62
17-06-2020;46503,71;41002,11;48444,55;38180,59;48343,11
16-06-2020;46674,29;41104,48;48589,24;38315,53;48457,59
15-06-2020;46634,81;41055,47;48585,39;38297,69;48443,56
14-06-2020;46269,14;40842,96;48546,32;38299,71;48494,45
13-06-2020;46269,14;40842,96;48546,32;38299,71;48494,45
12-06-2020;46269,14;40842,96;48546,32;38299,71;48494,45
11-06-2020;46862,23;41217,28;48713,49;38347,89;48477,44
10-06-2020;47295,70;41406,58;48587,64;38087,01;48158,86
09-06-2020;47306,38;41408,59;48516,97;38020,93;48071,23
08-06-2020;46661,57;41058,32;48437,64;38125,44;48329,73
07-06-2020;46251,02;40836,28;48485,79;38315,85;48623,43
06-06-2020;46251,02;40836,28;48485,79;38315,85;48623,43
05-06-2020;46251,02;40836,28;48485,79;38315,85;48623,43
04-06-2020;45878,26;40675,03;48527,30;38498,86;48917,82
03-06-2020;45719,40;40593,07;48678,61;38710,38;49180,98
02-06-2020;45482,56;40432,14;48625,61;38745,07;49295,38
01-06-2020;45465,06;40404,32;48633,07;38745,86;49271,76
31-05-2020;45767,07;40582,70;48685,62;38689,40;49186,55
30-05-2020;45767,07;40582,70;48685,62;38689,40;49186,55
29-05-2020;45767,07;40582,70;48685,62;38689,40;49186,55
28-05-2020;45953,41;40630,31;48463,84;38406,86;48779,15
27-05-2020;45181,10;40252,28;48506,25;38752,92;49331,01
26-05-2020;44708,17;39980,82;48443,41;38841,93;49576,13
25-05-2020;44544,08;39838,01;48275,15;38711,38;49474,95
24-05-2020;44706,59;39894,30;48073,49;38373,19;49083,27
23-05-2020;44706,59;39894,30;48073,49;38373,19;49083,27
22-05-2020;44706,59;39894,30;48073,49;38373,19;49083,27
21-05-2020;45035,88;40057,38;48131,02;38269,87;48911,27
20-05-2020;45035,88;40057,38;48131,02;38269,87;48911,27
19-05-2020;44998,52;39999,58;47977,89;38140,16;48763,18
18-05-2020;44096,78;39340,33;47373,43;37740,30;48448,00
17-05-2020;43880,69;39157,83;47181,44;37616,97;48339,80
16-05-2020;43880,69;39157,83;47181,44;37616,97;48339,80
15-05-2020;43880,69;39157,83;47181,44;37616,97;48339,80
14-05-2020;43934,86;39208,88;47260,45;37624,12;48317,63
13-05-2020;44657,96;39658,77;47537,98;37689,22;48290,84
12-05-2020;45040,20;39835,68;47522,56;37560,66;48085,63
11-05-2020;45255,39;39950,15;47469,00;37408,03;47858,13
10-05-2020;45240,82;39939,29;47392,44;37278,61;47718,95
09-05-2020;45240,82;39939,29;47392,44;37278,61;47718,95
08-05-2020;45240,82;39939,29;47392,44;37278,61;47718,95
07-05-2020;45091,53;39807,87;47269,87;37202,49;47608,45
06-05-2020;44884,46;39646,46;47120,54;37122,16;47545,66
05-05-2020;44779,90;39503,38;46963,27;36981,46;47388,50
04-05-2020;45262,57;39879,69;47216,02;37043,24;47360,77
03-05-2020;45941,49;40198,93;47314,31;37004,35;47169,15
02-05-2020;45941,49;40198,93;47314,31;37004,35;47169,15
01-05-2020;45941,49;40198,93;47314,31;37004,35;47169,15
30-04-2020;45941,49;40198,93;47314,31;37004,35;47169,15
29-04-2020;45677,50;39975,58;47137,81;36885,05;47063,28
28-04-2020;45453,76;39797,17;46957,23;36759,98;47007,46
27-04-2020;44871,33;39383,15;46540,25;36499,08;46763,85
26-04-2020;45048,92;39514,95;46620,33;36481,98;46604,21
25-04-2020;45048,92;39514,95;46620,33;36481,98;46604,21
24-04-2020;45048,92;39514,95;46620,33;36481,98;46604,21
23-04-2020;44894,20;39381,26;46425,99;36344,88;46423,46
22-04-2020;44662,42;39217,16;46298,73;36243,41;46344,54
21-04-2020;45273,10;39660,21;46586,97;36340,41;46356,39
20-04-2020;45437,48;39719,63;46595,24;36293,53;46295,14
19-04-2020;44859,99;39307,35;46244,43;36089,16;46131,75
18-04-2020;44859,99;39307,35;46244,43;36089,16;46131,75
17-04-2020;44859,99;39307,35;46244,43;36089,16;46131,75
16-04-2020;45033,33;39450,56;46348,80;36126,55;46152,10
15-04-2020;45210,35;39574,74;46384,30;36095,53;46122,18
14-04-2020;44405,75;38981,91;45954,58;35918,71;46059,02
13-04-2020;44183,88;38790,96;45699,25;35756,10;45951,99
12-04-2020;44149,10;38631,18;45422,91;35424,50;45525,96
11-04-2020;44149,10;38631,18;45422,91;35424,50;45525,96
10-04-2020;44149,10;38631,18;45422,91;35424,50;45525,96
09-04-2020;44149,10;38631,18;45422,91;35424,50;45525,96
08-04-2020;43318,85;38094,27;44922,31;35128,82;45267,14
07-04-2020;43065,79;37880,81;44708,27;35046,40;45247,95
06-04-2020;42139,62;37266,42;44294,39;34840,52;45150,49
05-04-2020;42210,24;37369,13;44437,79;35037,99;45321,30
04-04-2020;42210,24;37369,13;44437,79;35037,99;45321,30
03-04-2020;42210,24;37369,13;44437,79;35037,99;45321,30
02-04-2020;41827,31;37075,56;44211,21;34931,72;45262,53
01-04-2020;42400,76;37391,29;44225,32;34761,32;44885,84
31-03-2020;41989,52;36994,30;43870,72;34614,06;44765,18
30-03-2020;41240,51;36570,03;43583,49;34497,66;44713,53
29-03-2020;41986,86;37003,21;43862,99;34591,66;44728,69
28-03-2020;41986,86;37003,21;43862,99;34591,66;44728,69
27-03-2020;41986,86;37003,21;43862,99;34591,66;44728,69
26-03-2020;40835,22;36170,97;43123,01;34176,05;44461,03
25-03-2020;39854,20;35448,55;42376,58;33765,06;44199,77
24-03-2020;38767,90;34828,76;41968,99;33643,42;44220,56
23-03-2020;39721,57;35533,24;42766,62;34200,30;44676,56
22-03-2020;39792,00;35659,47;42943,26;34451,96;45003,93
21-03-2020;39792,00;35659,47;42943,26;34451,96;45003,93
20-03-2020;39792,00;35659,47;42943,26;34451,96;45003,93
19-03-2020;40071,44;35949,46;43516,20;34971,13;45387,48
18-03-2020;41880,49;37382,07;45046,03;36044,84;46379,74
17-03-2020;41532,84;37184,47;44987,95;35963,11;46320,38
16-03-2020;44734,33;39111,56;46155,94;36223,07;46018,64
15-03-2020;44150,72;38790,51;46026,48;36129,44;45954,82
14-03-2020;44150,72;38790,51;46026,48;36129,44;45954,82
13-03-2020;44150,72;38790,51;46026,48;36129,44;45954,82
12-03-2020;47051,07;40763,09;47796,22;37259,13;46862,81
11-03-2020;48269,09;41523,16;48292,94;37463,28;46883,79
10-03-2020;47854,16;41336,91;48331,83;37521,26;46948,10
09-03-2020;50021,91;42636,13;49076,47;37711,07;46749,10
08-03-2020;50863,98;43108,06;49412,68;37750,58;46544,41
07-03-2020;50863,98;43108,06;49412,68;37750,58;46544,41
06-03-2020;50863,98;43108,06;49412,68;37750,58;46544,41
05-03-2020;50955,05;43115,19;49302,75;37664,03;46421,97
04-03-2020;50264,40;42585,28;48679,43;37144,96;45870,00
03-03-2020;50467,42;42623,98;48496,44;36947,61;45621,90
02-03-2020;49711,00;42162,04;48168,34;36786,67;45494,45
01-03-2020;50441,77;42680,88;48620,20;36979,53;45573,94
29-02-2020;50441,77;42680,88;48620,20;36979,53;45573,94
28-02-2020;50441,77;42680,88;48620,20;36979,53;45573,94
27-02-2020;51351,44;43259,69;49140,97;37305,40;45841,86
26-02-2020;51831,75;43518,24;49400,07;37461,02;45957,25
25-02-2020;52379,19;43831,76;49563,02;37471,22;45866,40
24-02-2020;53535,41;44553,31;49960,14;37510,48;45697,54
23-02-2020;53548,16;44611,30;50107,94;37686,39;45936,12
22-02-2020;53548,16;44611,30;50107,94;37686,39;45936,12
21-02-2020;53548,16;44611,30;50107,94;37686,39;45936,12
20-02-2020;53390,30;44592,58;50237,04;37910,88;46245,32
19-02-2020;53226,96;44535,21;50298,33;38060,14;46451,54
18-02-2020;53370,50;44673,38;50506,53;38230,54;46624,78
17-02-2020;53416,71;44690,38;50536,14;38255,94;46645,87
16-02-2020;53544,46;44775,82;50644,03;38333,55;46717,44
15-02-2020;53544,46;44775,82;50644,03;38333,55;46717,44
14-02-2020;53544,46;44775,82;50644,03;38333,55;46717,44
13-02-2020;53330,03;44675,09;50613,86;38363,29;46799,99
12-02-2020;53236,46;44611,42;50581,44;38346,01;46807,40
11-02-2020;53033,39;44508,85;50565,76;38419,47;46907,31
10-02-2020;52822,52;44374,67;50471,68;38364,30;46870,19
09-02-2020;52703,52;44286,31;50365,90;38303,61;46786,87
08-02-2020;52703,52;44286,31;50365,90;38303,61;46786,87
07-02-2020;52703,52;44286,31;50365,90;38303,61;46786,87
06-02-2020;52354,54;44063,42;50189,80;38241,55;46768,35
05-02-2020;52243,32;43991,87;50147,58;38233,27;46774,52
04-02-2020;51938,79;43784,64;49977,47;38147,96;46714,88
03-02-2020;52487,45;44129,68;50253,38;38237,45;46721,09
02-02-2020;52758,89;44299,17;50370,81;38294,81;46733,49
01-02-2020;52758,89;44299,17;50370,81;38294,81;46733,49
31-01-2020;52758,89;44299,17;50370,81;38294,81;46733,49
30-01-2020;52641,21;44237,71;50366,00;38338,81;46787,43
29-01-2020;52698,77;44283,54;50416,20;38367,13;46828,70
28-01-2020;52480,86;44128,30;50298,12;38293,15;46767,73
27-01-2020;52739,65;44289,26;50381,90;38307,89;46717,87
26-01-2020;52576,88;44196,59;50332,95;38341,02;46773,93
25-01-2020;52576,88;44196,59;50332,95;38341,02;46773,93
24-01-2020;52576,88;44196,59;50332,95;38341,02;46773,93
23-01-2020;52882,34;44410,00;50558,11;38459,14;46869,20
22-01-2020;52746,15;44337,57;50546,41;38489,64;46952,24
21-01-2020;53269,56;44683,81;50823,54;38605,47;47006,53
20-01-2020;53391,41;44756,89;50831,70;38546,42;46908,33
19-01-2020;53328,30;44690,77;50716,18;38421,58;46757,99
18-01-2020;53328,30;44690,77;50716,18;38421,58;46757,99
17-01-2020;53328,30;44690,77;50716,18;38421,58;46757,99
16-01-2020;53113,55;44536,46;50555,36;38317,78;46667,31
15-01-2020;53254,79;44618,36;50595,40;38300,13;46591,73
14-01-2020;53573,14;44822,20;50742,54;38334,84;46562,07
13-01-2020;52981,50;44439,29;50432,64;38191,31;46503,77
12-01-2020;52570,28;44196,88;50295,49;38247,73;46635,05
11-01-2020;52570,28;44196,88;50295,49;38247,73;46635,05
10-01-2020;52570,28;44196,88;50295,49;38247,73;46635,05
09-01-2020;52365,08;44064,12;50226,26;38256,41;46702,22
08-01-2020;52710,59;44272,98;50417,30;38339,96;46737,02
07-01-2020;52457,11;44117,98;50292,60;38302,20;46739,27
06-01-2020;51939,64;43791,26;50021,14;38184,11;46693,64
05-01-2020;51784,17;43674,94;49892,99;38113,35;46634,99
04-01-2020;51784,17;43674,94;49892,99;38113,35;46634,99
03-01-2020;51784,17;43674,94;49892,99;38113,35;46634,99
02-01-2020;50927,31;43097,57;49433,93;37880,46;46480,60
01-01-2020;50732,63;42981,72;49346,71;37842,78;46485,24
31-12-2019;50732,63;42981,72;49346,71;37842,78;46485,24
30-12-2019;50764,99;42986,36;49317,10;37806,13;46448,35
29-12-2019;50717,64;42931,41;49210,69;37713,11;46355,14
28-12-2019;50717,64;42931,41;49210,69;37713,11;46355,14
27-12-2019;50717,64;42931,41;49210,69;37713,11;46355,14
26-12-2019;50930,64;43047,90;49269,76;37703,57;46304,86
25-12-2019;51119,77;43167,21;49387,09;37771,20;46351,93
24-12-2019;51119,77;43167,21;49387,09;37771,20;46351,93
23-12-2019;50868,82;43022,05;49287,02;37758,97;46406,03
22-12-2019;50937,58;43071,05;49356,30;37818,17;46456,50
21-12-2019;50937,58;43071,05;49356,30;37818,17;46456,50
20-12-2019;50937,58;43071,05;49356,30;37818,17;46456,50
19-12-2019;50935,39;43051,89;49361,39;37822,77;46480,33
18-12-2019;51185,48;43223,09;49477,29;37824,04;46476,97
17-12-2019;51387,23;43252,69;49263,01;37489,34;45970,44
16-12-2019;51420,38;43189,85;49029,05;37134,06;45517,32
15-12-2019;51081,16;42914,23;48671,78;36870,60;45233,31
14-12-2019;51081,16;42914,23;48671,78;36870,60;45233,31
13-12-2019;51081,16;42914,23;48671,78;36870,60;45233,31
12-12-2019;50937,09;42787,71;48484,62;36698,25;45010,85
11-12-2019;50922,65;42745,56;48358,28;36554,93;44821,46
10-12-2019;50617,72;42540,69;48176,64;36464,42;44766,88
09-12-2019;50989,14;42763,18;48307,56;36494,70;44758,94
08-12-2019;50925,15;42698,90;48209,88;36407,55;44628,48
07-12-2019;50925,15;42698,90;48209,88;36407,55;44628,48
06-12-2019;50925,15;42698,90;48209,88;36407,55;44628,48
05-12-2019;51140,10;42793,18;48318,04;36504,96;44694,42
04-12-2019;51139,12;42764,42;48308,66;36513,10;44706,55
03-12-2019;51409,05;42944,43;48492,22;36627,90;44821,14
02-12-2019;51865,51;43261,14;48784,43;36825,96;45017,03
01-12-2019;52779,73;43837,95;49243,33;37025,98;45068,12
30-11-2019;52779,73;43837,95;49243,33;37025,98;45068,12
29-11-2019;52779,73;43837,95;49243,33;37025,98;45068,12
28-11-2019;51877,80;43318,04;48897,97;36944,94;45141,12
27-11-2019;51230,63;42896,74;48586,24;36835,94;45143,35
26-11-2019;51324,70;42994,39;48620,94;36810,16;45071,33
25-11-2019;51342,48;42993,31;48591,08;36742,62;44962,50
24-11-2019;51254,02;42935,65;48529,96;36686,66;44892,93
23-11-2019;51254,02;42935,65;48529,96;36686,66;44892,93
22-11-2019;51254,02;42935,65;48529,96;36686,66;44892,93
21-11-2019;51460,24;43086,19;48627,75;36733,45;44902,70
20-11-2019;50982,62;42810,54;48496,69;36793,97;45092,98
19-11-2019;50551,87;42515,94;48243,30;36682,97;45013,67
18-11-2019;50876,49;42682,18;48305,43;36618,66;44734,04
17-11-2019;51068,49;42402,80;47417,07;35490,67;43038,41
16-11-2019;51068,49;42402,80;47417,07;35490,67;43038,41
15-11-2019;51068,49;42402,80;47417,07;35490,67;43038,41
14-11-2019;50726,80;42501,66;48059,49;36459,49;44581,58
13-11-2019;50579,19;42572,29;48413,36;36971,01;45234,73
12-11-2019;49460,76;42011,10;48178,66;37130,73;45692,45
11-11-2019;49287,15;41927,52;48110,76;37108,87;45719,33
10-11-2019;49109,93;41756,61;47895,87;36921,31;45462,12
09-11-2019;49109,93;41756,61;47895,87;36921,31;45462,12
08-11-2019;49109,93;41756,61;47895,87;36921,31;45462,12
07-11-2019;49111,69;41748,55;47839,31;36867,51;45382,69
06-11-2019;49456,02;41979,91;47982,14;36893,72;45336,14
05-11-2019;49085,08;41790,26;47829,81;36853,59;45382,28
04-11-2019;48549,77;41473,68;47658,40;36872,47;45510,90
03-11-2019;48200,56;41342,83;47623,67;36927,51;45658,17
02-11-2019;48200,56;41342,83;47623,67;36927,51;45658,17
01-11-2019;48200,56;41342,83;47623,67;36927,51;45658,17
31-10-2019;48200,56;41342,83;47623,67;36927,51;45658,17
30-10-2019;48200,56;41342,83;47623,67;36927,51;45658,17
29-10-2019;48228,69;41411,45;47760,88;37067,00;45853,17
28-10-2019;48063,64;41336,76;47799,59;37177,69;46032,44
27-10-2019;47889,73;41230,91;47733,66;37162,06;46041,60
26-10-2019;47889,73;41230,91;47733,66;37162,06;46041,60
25-10-2019;47889,73;41230,91;47733,66;37162,06;46041,60
24-10-2019;47909,09;41197,84;47639,49;37046,40;45875,98
23-10-2019;47990,95;41269,37;47665,03;37040,88;45891,95
22-10-2019;47822,13;41249,91;47823,63;37279,93;46269,68
21-10-2019;47425,82;41088,25;47784,97;37342,57;46490,63
20-10-2019;47613,32;41255,95;47977,69;37519,27;46689,64
19-10-2019;47613,32;41255,95;47977,69;37519,27;46689,64
18-10-2019;47613,32;41255,95;47977,69;37519,27;46689,64
17-10-2019;47685,72;41347,41;48241,70;37810,44;47015,97
16-10-2019;47426,87;41214,23;48157,47;37824,26;47089,40
15-10-2019;47089,67;41014,22;48018,81;37787,22;47102,03
14-10-2019;47075,84;41001,36;48018,30;37814,08;47140,08
13-10-2019;46859,55;40875,13;47990,65;37884,57;47259,79
12-10-2019;46859,55;40875,13;47990,65;37884,57;47259,79
11-10-2019;46859,55;40875,13;47990,65;37884,57;47259,79
10-10-2019;46914,95;40924,01;48086,19;37980,03;47361,33
09-10-2019;46678,24;40744,44;47919,19;37869,73;47267,41
08-10-2019;46633,33;40720,75;47872,05;37848,21;47263,05
07-10-2019;46617,09;40682,78;47801,53;37799,15;47211,26
06-10-2019;46565,84;40626,93;47729,06;37727,45;47127,97
05-10-2019;46565,84;40626,93;47729,06;37727,45;47127,97
04-10-2019;46565,84;40626,93;47729,06;37727,45;47127,97
03-10-2019;46853,04;40770,20;47758,61;37626,53;46955,31
02-10-2019;47295,98;41027,46;47902,11;37632,82;46885,08
01-10-2019;47468,33;41161,78;47993,02;37684,78;46926,22
30-09-2019;47489,98;41187,59;48019,85;37697,81;46938,69
29-09-2019;47284,00;41056,54;47915,74;37649,76;46882,52
28-09-2019;47284,00;41056,54;47915,74;37649,76;46882,52
27-09-2019;47284,00;41056,54;47915,74;37649,76;46882,52
26-09-2019;47171,62;41003,32;47917,06;37694,43;46944,40
25-09-2019;47162,80;40994,28;47934,65;37687,00;46934,78
24-09-2019;47320,59;41092,50;47960,58;37648,75;46872,62
23-09-2019;47114,77;40952,70;47840,90;37581,41;46810,93
22-09-2019;46800,24;40748,11;47661,41;37514,13;46777,44
21-09-2019;46800,24;40748,11;47661,41;37514,13;46777,44
20-09-2019;46800,24;40748,11;47661,41;37514,13;46777,44
19-09-2019;46800,24;40748,11;47661,41;37514,13;46777,44
18-09-2019;46800,24;40748,11;47661,41;37514,13;46777,44
17-09-2019;46800,24;40748,11;47661,41;37514,13;46777,44
16-09-2019;46775,60;40744,20;47678,58;37546,57;46819,29
15-09-2019;46868,98;40823,05;47819,60;37695,31;46981,43
14-09-2019;46868,98;40823,05;47819,60;37695,31;46981,43
13-09-2019;46868,98;40823,05;47819,60;37695,31;46981,43
12-09-2019;46747,50;40719,95;47715,33;37643,79;46930,58
11-09-2019;46447,93;40559,66;47674,27;37701,18;47062,69
10-09-2019;46395,63;40536,81;47672,58;37718,79;47085,16
09-09-2019;46216,00;40418,92;47627,85;37740,96;47141,11
08-09-2019;46320,02;40476,77;47669,04;37756,08;47127,31
07-09-2019;46320,02;40476,77;47669,04;37756,08;47127,31
06-09-2019;46320,02;40476,77;47669,04;37756,08;47127,31
05-09-2019;46159,67;40365,32;47611,06;37756,88;47166,77
04-09-2019;45794,76;40078,86;47274,37;37511,65;46923,79
03-09-2019;45964,16;40198,38;47303,50;37473,72;46843,38
02-09-2019;45834,12;40115,74;47243,37;37453,76;46847,26
01-09-2019;45548,30;39928,14;47117,18;37440,73;46882,01
31-08-2019;45548,30;39928,14;47117,18;37440,73;46882,01
30-08-2019;45548,30;39928,14;47117,18;37440,73;46882,01
29-08-2019;45308,89;39774,46;47015,26;37410,41;46876,41
28-08-2019;45181,14;39692,65;46956,78;37368,84;46838,69
27-08-2019;45098,04;39622,80;46876,59;37318,80;46790,55
26-08-2019;45139,60;39648,52;46932,14;37348,81;46802,99
25-08-2019;45468,38;39847,86;47023,10;37366,86;46786,24
24-08-2019;45468,38;39847,86;47023,10;37366,86;46786,24
23-08-2019;45468,38;39847,86;47023,10;37366,86;46786,24
22-08-2019;45483,14;39874,54;47044,38;37380,87;46805,01
21-08-2019;45339,84;39756,93;46917,28;37288,11;46726,48
20-08-2019;45450,61;39834,11;46952,10;37290,84;46724,72
19-08-2019;45114,33;39613,41;46792,82;37230,12;46685,14
18-08-2019;44830,84;39412,19;46643,67;37146,14;46619,29
17-08-2019;44830,84;39412,19;46643,67;37146,14;46619,29
16-08-2019;44830,84;39412,19;46643,67;37146,14;46619,29
15-08-2019;45316,13;39703,36;46802,36;37193,25;46571,71
14-08-2019;45316,13;39703,36;46802,36;37193,25;46571,71
13-08-2019;45605,04;39885,98;47000,00;37282,21;46593,49
12-08-2019;45932,49;40086,02;47140,09;37332,81;46586,92
11-08-2019;45953,84;40098,50;47122,35;37320,54;46569,86
10-08-2019;45953,84;40098,50;47122,35;37320,54;46569,86
09-08-2019;45953,84;40098,50;47122,35;37320,54;46569,86
08-08-2019;45749,50;39947,64;47060,79;37321,08;46587,41
07-08-2019;45632,90;39847,90;46885,71;37172,57;46437,80
06-08-2019;45711,25;39876,92;46912,04;37152,14;46391,42
05-08-2019;46261,16;40211,48;47026,30;37108,38;46263,27
04-08-2019;46559,76;40414,06;47124,01;37083,97;46175,06
03-08-2019;46559,76;40414,06;47124,01;37083,97;46175,06
02-08-2019;46559,76;40414,06;47124,01;37083,97;46175,06
01-08-2019;46657,74;40485,83;47149,85;37080,08;46153,65
31-07-2019;46817,69;40559,92;47130,82;37031,20;46074,54
30-07-2019;46807,13;40546,00;47118,40;37011,28;46052,66
29-07-2019;46841,97;40575,47;47108,76;36987,48;46022,35
28-07-2019;46682,26;40462,48;47020,90;36929,10;45975,84
27-07-2019;46682,26;40462,48;47020,90;36929,10;45975,84
26-07-2019;46682,26;40462,48;47020,90;36929,10;45975,84
25-07-2019;46632,30;40429,18;46965,55;36900,35;45953,55
24-07-2019;46539,28;40340,33;46843,43;36788,95;45853,17
23-07-2019;46364,01;40211,35;46687,68;36671,28;45755,83
22-07-2019;46307,36;40155,62;46596,76;36583,15;45673,41
21-07-2019;46184,79;40038,59;46392,97;36418,53;45513,60
20-07-2019;46184,79;40038,59;46392,97;36418,53;45513,60
19-07-2019;46184,79;40038,59;46392,97;36418,53;45513,60
18-07-2019;46148,47;40011,48;46337,56;36351,36;45436,73
17-07-2019;46172,46;40012,79;46282,96;36286,19;45376,86
16-07-2019;46224,78;40026,48;46276,35;36277,54;45348,76
15-07-2019;46224,78;40026,48;46276,35;36277,54;45348,76
14-07-2019;46333,81;40098,41;46346,15;36308,90;45351,38
13-07-2019;46333,81;40098,41;46346,15;36308,90;45351,38
12-07-2019;46333,81;40098,41;46346,15;36308,90;45351,38
11-07-2019;46345,37;40089,50;46335,52;36297,59;45336,34
10-07-2019;46311,34;40059,88;46278,36;36239,85;45273,58
09-07-2019;46280,91;40038,54;46261,20;36214,25;45257,72
08-07-2019;46337,41;40098,31;46297,50;36208,54;45245,74
07-07-2019;46167,22;40015,90;46283,42;36229,53;45312,89
06-07-2019;46167,22;40015,90;46283,42;36229,53;45312,89
05-07-2019;46167,22;40015,90;46283,42;36229,53;45312,89
04-07-2019;46194,75;40015,27;46269,37;36207,87;45289,59
03-07-2019;46131,03;39969,64;46210,33;36153,13;45237,68
02-07-2019;46009,38;39885,58;46114,49;36087,02;45175,09
01-07-2019;45785,04;39741,22;46000,46;36044,92;45186,66
30-06-2019;45668,27;39647,15;45889,09;35965,47;45104,12
29-06-2019;45668,27;39647,15;45889,09;35965,47;45104,12
28-06-2019;45668,27;39647,15;45889,09;35965,47;45104,12
27-06-2019;45564,13;39575,07;45831,10;35933,52;45082,62
26-06-2019;45464,01;39532,57;45853,88;35992,97;45187,47
25-06-2019;45807,22;39752,22;46036,89;36087,95;45226,90
24-06-2019;45852,63;39776,62;46066,46;36111,92;45240,33
23-06-2019;45917,00;39813,36;46089,66;36119,63;45239,57
22-06-2019;45917,00;39813,36;46089,66;36119,63;45239,57
21-06-2019;45917,00;39813,36;46089,66;36119,63;45239,57
20-06-2019;45929,05;39769,12;45991,51;36019,34;45118,69
19-06-2019;45787,40;39681,29;45899,15;35979,22;45099,20
18-06-2019;45506,02;39490,24;45731,15;35882,81;45040,33
17-06-2019;45528,29;39507,06;45745,60;35881,04;45037,04
16-06-2019;45641,47;39605,92;45847,23;35953,43;45104,32
15-06-2019;45641,47;39605,92;45847,23;35953,43;45104,32
14-06-2019;45641,47;39605,92;45847,23;35953,43;45104,32
13-06-2019;45542,10;39554,17;45822,22;35944,54;45115,53
12-06-2019;45641,15;39609,51;45844,18;35934,02;45093,19
11-06-2019;45450,49;39427,12;45644,65;35808,87;45004,21
10-06-2019;44921,56;39000,71;45104,84;35427,61;44629,42
09-06-2019;44733,65;38858,69;44943,82;35301,80;44509,37
08-06-2019;44733,65;38858,69;44943,82;35301,80;44509,37
07-06-2019;44733,65;38858,69;44943,82;35301,80;44509,37
06-06-2019;44763,88;38886,97;44953,44;35274,82;44478,18
05-06-2019;44928,82;38977,09;44956,12;35223,27;44391,94
04-06-2019;45005,11;39031,32;45008,93;35225,05;44357,32
03-06-2019;45090,56;39055,64;45015,33;35221,07;44322,04
02-06-2019;45009,28;38972,28;44890,00;35131,20;44243,75
01-06-2019;45009,28;38972,28;44890,00;35131,20;44243,75
31-05-2019;45009,28;38972,28;44890,00;35131,20;44243,75
30-05-2019;44927,59;38900,38;44846,41;35128,31;44250,72
29-05-2019;44809,76;38795,56;44683,60;34986,40;44123,04
28-05-2019;44559,65;38618,00;44478,62;34845,97;44039,26
27-05-2019;44469,03;38541,03;44375,67;34763,14;43959,43
26-05-2019;44496,07;38540,15;44359,84;34747,29;43935,84
25-05-2019;44496,07;38540,15;44359,84;34747,29;43935,84
24-05-2019;44496,07;38540,15;44359,84;34747,29;43935,84
23-05-2019;44789,96;38735,66;44452,82;34739,19;43876,10
22-05-2019;44809,02;38741,25;44433,93;34716,34;43852,05
21-05-2019;44684,16;38675,47;44379,23;34664,00;43831,39
20-05-2019;44684,16;38675,47;44379,23;34664,00;43831,39
19-05-2019;44776,43;38753,23;44413,23;34672,39;43820,38
18-05-2019;44776,43;38753,23;44413,23;34672,39;43820,38
17-05-2019;44776,43;38753,23;44413,23;34672,39;43820,38
16-05-2019;44738,35;38718,96;44396,23;34668,61;43812,06
15-05-2019;44642,51;38654,64;44342,42;34642,80;43790,31
14-05-2019;44538,84;38598,96;44328,91;34633,47;43787,43
13-05-2019;44818,00;38771,82;44414,06;34652,95;43771,71
12-05-2019;44961,41;38857,46;44474,49;34667,82;43745,21
11-05-2019;44961,41;38857,46;44474,49;34667,82;43745,21
10-05-2019;44961,41;38857,46;44474,49;34667,82;43745,21
09-05-2019;45017,61;38895,42;44488,28;34667,33;43740,46
08-05-2019;45083,79;38929,87;44520,64;34664,11;43730,99
07-05-2019;45406,62;39165,34;44669,36;34722,04;43753,26
06-05-2019;45666,40;39315,01;44780,18;34750,35;43749,86
05-05-2019;45697,90;39333,53;44807,45;34742,49;43722,25
04-05-2019;45697,90;39333,53;44807,45;34742,49;43722,25
03-05-2019;45697,90;39333,53;44807,45;34742,49;43722,25
02-05-2019;45572,28;39270,64;44767,18;34726,64;43718,53
01-05-2019;45546,54;39244,56;44726,75;34701,53;43694,68
30-04-2019;45546,54;39244,56;44726,75;34701,53;43694,68
29-04-2019;45323,61;39089,34;44625,26;34677,80;43717,06
28-04-2019;45308,16;39078,85;44611,62;34662,05;43698,53
27-04-2019;45308,16;39078,85;44611,62;34662,05;43698,53
26-04-2019;45308,16;39078,85;44611,62;34662,05;43698,53
25-04-2019;45266,38;39089,38;44644,41;34695,51;43737,59
24-04-2019;45181,71;39044,69;44613,84;34703,95;43745,84
23-04-2019;44992,85;38936,33;44533,85;34657,93;43729,48
22-04-2019;44961,62;38927,22;44528,11;34660,50;43742,11
21-04-2019;44918,96;38896,30;44479,20;34604,34;43677,16
20-04-2019;44918,96;38896,30;44479,20;34604,34;43677,16
19-04-2019;44918,96;38896,30;44479,20;34604,34;43677,16
18-04-2019;44918,96;38896,30;44479,20;34604,34;43677,16
17-04-2019;45073,70;38976,26;44524,09;34617,17;43657,00
16-04-2019;44927,43;38879,32;44470,87;34610,96;43679,18
15-04-2019;44835,72;38822,99;44408,33;34576,73;43663,25
14-04-2019;44903,42;38866,57;44473,23;34626,46;43681,54
13-04-2019;44903,42;38866,57;44473,23;34626,46;43681,54
12-04-2019;44903,42;38866,57;44473,23;34626,46;43681,54
11-04-2019;45004,27;38941,40;44548,59;34669,15;43703,73
10-04-2019;44926,55;38877,04;44468,77;34605,43;43634,07
09-04-2019;44949,01;38844,74;44382,99;34522,68;43523,40
08-04-2019;44936,28;38813,00;44316,67;34453,24;43444,39
07-04-2019;44881,79;38754,63;44249,28;34394,67;43390,05
06-04-2019;44881,79;38754,63;44249,28;34394,67;43390,05
05-04-2019;44881,79;38754,63;44249,28;34394,67;43390,05
04-04-2019;44888,10;38759,92;44254,16;34388,92;43382,85
03-04-2019;44806,77;38694,54;44216,45;34380,40;43386,02
02-04-2019;44932,98;38779,29;44279,58;34396,13;43376,64
01-04-2019;44773,50;38679,31;44218,87;34376,99;43382,24
31-03-2019;44572,07;38519,60;44102,08;34336,80;43377,09
30-03-2019;44572,07;38519,60;44102,08;34336,80;43377,09
29-03-2019;44572,07;38519,60;44102,08;34336,80;43377,09
28-03-2019;44646,23;38571,59;44149,74;34350,01;43360,82
27-03-2019;44603,08;38512,26;44065,68;34299,90;43298,66
26-03-2019;44387,06;38377,22;43957,66;34255,51;43296,77
25-03-2019;44564,09;38501,37;44055,63;34280,93;43271,57
24-03-2019;44505,72;38448,45;43946,49;34201,19;43193,37
23-03-2019;44505,72;38448,45;43946,49;34201,19;43193,37
22-03-2019;44505,72;38448,45;43946,49;34201,19;43193,37
21-03-2019;44567,02;38454,15;43916,40;34142,55;43099,96
20-03-2019;44666,39;38503,89;43920,21;34108,58;43054,50
19-03-2019;44693,12;38505,80;43890,72;34066,77;43007,78
18-03-2019;44566,14;38409,71;43805,82;34020,12;42989,30
17-03-2019;44402,78;38287,15;43691,60;33957,86;42946,19
16-03-2019;44402,78;38287,15;43691,60;33957,86;42946,19
15-03-2019;44402,78;38287,15;43691,60;33957,86;42946,19
14-03-2019;44227,83;38170,74;43591,25;33910,32;42920,29
13-03-2019;44195,18;38145,95;43549,68;33866,12;42870,55
12-03-2019;44115,14;38091,11;43509,45;33855,28;42883,20
11-03-2019;43711,94;37820,85;43299,18;33756,05;42826,84
10-03-2019;43566,66;37737,36;43216,56;33701,45;42778,98
09-03-2019;43566,66;37737,36;43216,56;33701,45;42778,98
08-03-2019;43566,66;37737,36;43216,56;33701,45;42778,98
07-03-2019;43682,09;37806,17;43239,13;33688,79;42731,06
06-03-2019;43724,25;37817,33;43224,21;33679,32;42705,38
05-03-2019;43815,63;37853,98;43245,80;33671,94;42671,01
04-03-2019;43745,79;37822,11;43233,72;33679,23;42700,27
03-03-2019;43443,33;37635,93;43116,39;33659,17;42718,72
02-03-2019;43443,33;37635,93;43116,39;33659,17;42718,72
01-03-2019;43443,33;37635,93;43116,39;33659,17;42718,72
28-02-2019;43590,56;37728,92;43208,05;33690,07;42734,36
27-02-2019;43740,56;37844,06;43332,15;33738,12;42777,82
26-02-2019;43796,79;37889,99;43360,78;33747,69;42784,95
25-02-2019;43700,78;37804,11;43285,74;33721,75;42775,98
24-02-2019;43579,40;37710,31;43216,34;33690,93;42752,08
23-02-2019;43579,40;37710,31;43216,34;33690,93;42752,08
22-02-2019;43579,40;37710,31;43216,34;33690,93;42752,08
21-02-2019;43622,68;37733,03;43227,50;33695,45;42747,96
20-02-2019;43615,12;37698,71;43199,91;33695,85;42740,97
19-02-2019;43657,20;37719,02;43201,26;33672,06;42697,94
18-02-2019;43698,09;37738,05;43209,75;33677,10;42705,24
17-02-2019;43732,03;37771,81;43263,71;33704,88;42716,95
16-02-2019;43732,03;37771,81;43263,71;33704,88;42716,95
15-02-2019;43732,03;37771,81;43263,71;33704,88;42716,95
14-02-2019;43515,37;37642,83;43134,56;33626,52;42673,62
13-02-2019;43362,24;37545,16;43060,84;33607,06;42678,20
12-02-2019;43123,34;37412,82;42984,98;33584,05;42698,82
11-02-2019;42915,16;37257,58;42841,94;33501,82;42635,71
10-02-2019;43063,02;37363,59;42915,13;33516,63;42615,86
09-02-2019;43063,02;37363,59;42915,13;33516,63;42615,86
08-02-2019;43063,02;37363,59;42915,13;33516,63;42615,86
07-02-2019;43277,88;37502,90;43035,51;33576,24;42639,57
06-02-2019;43337,71;37538,20;43058,70;33601,54;42649,24
05-02-2019;43269,61;37489,87;43007,58;33571,87;42627,51
04-02-2019;43239,69;37462,27;42968,39;33539,09;42591,77
03-02-2019;43282,94;37464,60;42940,63;33502,46;42548,67
02-02-2019;43282,94;37464,60;42940,63;33502,46;42548,67
01-02-2019;43282,94;37464,60;42940,63;33502,46;42548,67
31-01-2019;43294,24;37444,39;42875,51;33432,21;42481,48
30-01-2019;43278,61;37439,57;42889,78;33424,85;42475,58
29-01-2019;43338,29;37482,06;42916,29;33420,00;42452,18
28-01-2019;43307,55;37459,11;42883,11;33408,16;42450,52
27-01-2019;43192,60;37357,57;42771,33;33337,00;42389,68
26-01-2019;43192,60;37357,57;42771,33;33337,00;42389,68
25-01-2019;43192,60;37357,57;42771,33;33337,00;42389,68
24-01-2019;43060,02;37254,31;42661,10;33264,72;42344,40
23-01-2019;43033,20;37231,54;42620,48;33209,86;42300,32
22-01-2019;43376,31;37457,86;42778,79;33268,15;42312,87
21-01-2019;43265,74;37406,73;42772,51;33297,30;42368,68
20-01-2019;43006,48;37242,40;42671,98;33267,96;42370,68
19-01-2019;43006,48;37242,40;42671,98;33267,96;42370,68
18-01-2019;43006,48;37242,40;42671,98;33267,96;42370,68
17-01-2019;42951,70;37222,68;42674,98;33292,05;42406,36
16-01-2019;42822,93;37139,74;42614,15;33276,84;42406,46
15-01-2019;42657,01;37012,33;42517,23;33231,87;42375,86
14-01-2019;42821,98;37111,99;42576,00;33240,04;42358,27
13-01-2019;42838,32;37103,06;42554,36;33235,60;42347,89
12-01-2019;42838,32;37103,06;42554,36;33235,60;42347,89
11-01-2019;42838,32;37103,06;42554,36;33235,60;42347,89
10-01-2019;42763,53;37046,62;42528,92;33239,85;42358,91
09-01-2019;42371,51;36810,26;42370,75;33204,40;42395,37
08-01-2019;42194,10;36690,72;42263,58;33125,17;42337,20
07-01-2019;42176,41;36693,18;42275,45;33163,83;42385,04
06-01-2019;41950,68;36538,88;42175,44;33100,98;42318,52
05-01-2019;41950,68;36538,88;42175,44;33100,98;42318,52
04-01-2019;41950,68;36538,88;42175,44;33100,98;42318,52
03-01-2019;42079,31;36605,84;42157,10;33051,29;42276,59
02-01-2019;42003,32;36561,54;42096,70;32972,57;42222,40
01-01-2019;41899,46;36491,63;42044,94;32932,96;42188,63
31-12-2018;41899,46;36491,63;42044,94;32932,96;42188,63
30-12-2018;41662,95;36318,84;41900,08;32865,97;42158,20
29-12-2018;41662,95;36318,84;41900,08;32865,97;42158,20
28-12-2018;41662,95;36318,84;41900,08;32865,97;42158,20
27-12-2018;41484,76;36199,94;41787,56;32798,05;42103,78
26-12-2018;41169,76;36017,45;41662,86;32711,03;42013,92
25-12-2018;41331,42;36104,25;41709,33;32738,65;42033,89
24-12-2018;41331,42;36104,25;41709,33;32738,65;42033,89
23-12-2018;41488,71;36178,15;41746,21;32732,82;42003,31
22-12-2018;41488,71;36178,15;41746,21;32732,82;42003,31
21-12-2018;41488,71;36178,15;41746,21;32732,82;42003,31
20-12-2018;41801,35;36379,12;41873,47;32760,05;41988,52
19-12-2018;41885,12;36407,11;41857,43;32742,42;41965,64
18-12-2018;41848,45;36374,87;41813,18;32706,83;41927,99
17-12-2018;42174,14;36582,58;41945,89;32765,75;41948,39
16-12-2018;42298,25;36656,81;41999,68;32791,66;41961,31
15-12-2018;42298,25;36656,81;41999,68;32791,66;41961,31
14-12-2018;42298,25;36656,81;41999,68;32791,66;41961,31
13-12-2018;42074,61;36511,68;41883,73;32755,81;41964,12
12-12-2018;41686,21;36257,94;41688,20;32681,11;41940,42
11-12-2018;41483,22;36113,61;41589,25;32640,67;41917,21
10-12-2018;41865,57;36374,79;41806,06;32716,77;41935,16
09-12-2018;42128,61;36499,42;41862,87;32734,60;41925,34
08-12-2018;42128,61;36499,42;41862,87;32734,60;41925,34
07-12-2018;42128,61;36499,42;41862,87;32734,60;41925,34
06-12-2018;42382,80;36679,77;41984,99;32750,53;41896,22
05-12-2018;42450,39;36741,09;42025,12;32762,30;41883,21
04-12-2018;42737,96;36887,01;42098,45;32786,84;41896,07
03-12-2018;42438,73;36698,09;41947,11;32732,10;41868,60
02-12-2018;42387,05;36658,10;41920,03;32704,91;41850,98
01-12-2018;42387,05;36658,10;41920,03;32704,91;41850,98
30-11-2018;42387,05;36658,10;41920,03;32704,91;41850,98
29-11-2018;42328,34;36596,61;41830,60;32649,32;41808,94
28-11-2018;42156,23;36514,27;41781,48;32627,35;41800,55
27-11-2018;42131,65;36520,30;41770,19;32598,01;41774,44
26-11-2018;41841,06;36342,76;41668,83;32580,21;41765,67
25-11-2018;41699,64;36248,49;41593,13;32557,30;41763,77
24-11-2018;41699,64;36248,49;41593,13;32557,30;41763,77
23-11-2018;41699,64;36248,49;41593,13;32557,30;41763,77
22-11-2018;41724,21;36279,01;41607,13;32561,69;41773,39
21-11-2018;41692,95;36264,53;41608,63;32564,09;41768,37
20-11-2018;42228,79;36564,22;41813,06;32614,86;41742,64
19-11-2018;42425,86;36681,53;41879,83;32640,69;41754,45
18-11-2018;42541,00;36750,07;41918,35;32643,73;41730,00
17-11-2018;42541,00;36750,07;41918,35;32643,73;41730,00
16-11-2018;42541,00;36750,07;41918,35;32643,73;41730,00
15-11-2018;42637,87;36793,67;41951,67;32655,78;41720,13
14-11-2018;42747,20;36866,10;41986,66;32670,33;41724,45
13-11-2018;42652,26;36815,77;41979,41;32693,96;41740,73
12-11-2018;42835,51;36909,40;42036,37;32709,14;41736,94
11-11-2018;43047,45;37072,13;42168,37;32753,17;41752,86
10-11-2018;43047,45;37072,13;42168,37;32753,17;41752,86
09-11-2018;43047,45;37072,13;42168,37;32753,17;41752,86
08-11-2018;43191,04;37146,39;42227,46;32779,92;41763,53
07-11-2018;43052,95;37070,84;42200,57;32787,66;41762,26
06-11-2018;43147,56;37111,72;42225,28;32782,96;41740,14
05-11-2018;43622,04;37385,80;42408,85;32833,12;41696,71
04-11-2018;42250,85;36499,61;41693,49;32549,12;41603,59
03-11-2018;42250,85;36499,61;41693,49;32549,12;41603,59
02-11-2018;42250,85;36499,61;41693,49;32549,12;41603,59
01-11-2018;42250,85;36499,61;41693,49;32549,12;41603,59
31-10-2018;42250,85;36499,61;41693,49;32549,12;41603,59
30-10-2018;42077,63;36440,02;41673,61;32536,21;41620,52
29-10-2018;42279,96;36554,54;41772,97;32587,54;41645,97
28-10-2018;42403,92;36629,85;41795,37;32570,03;41630,53
27-10-2018;42403,92;36629,85;41795,37;32570,03;41630,53
26-10-2018;42403,92;36629,85;41795,37;32570,03;41630,53
25-10-2018;42384,79;36625,49;41825,73;32581,27;41627,75
24-10-2018;42667,25;36768,71;41898,61;32618,15;41636,99
23-10-2018;42924,83;36917,86;41994,94;32630,18;41605,49
22-10-2018;42689,87;36755,64;41843,54;32556,39;41575,37
21-10-2018;42649,87;36719,38;41791,34;32506,02;41518,20
20-10-2018;42649,87;36719,38;41791,34;32506,02;41518,20
19-10-2018;42649,87;36719,38;41791,34;32506,02;41518,20
18-10-2018;42862,99;36833,08;41855,16;32516,61;41499,05
17-10-2018;42810,30;36823,21;41836,24;32508,21;41520,70
16-10-2018;42831,34;36847,72;41875,31;32526,52;41540,31
15-10-2018;42805,42;36806,49;41856,59;32527,63;41543,24
14-10-2018;42805,42;36806,49;41856,59;32527,63;41543,24
13-10-2018;42805,42;36806,49;41856,59;32527,63;41543,24
12-10-2018;42805,42;36806,49;41856,59;32527,63;41543,24
11-10-2018;43480,36;37263,64;42247,12;32721,31;41670,03
10-10-2018;44003,56;37592,76;42510,38;32857,58;41762,29
09-10-2018;43980,29;37585,21;42527,52;32869,17;41783,62
08-10-2018;43645,87;37384,88;42360,86;32773,66;41762,68
07-10-2018;43794,62;37501,37;42461,24;32817,13;41796,58
06-10-2018;43794,62;37501,37;42461,24;32817,13;41796,58
05-10-2018;43794,62;37501,37;42461,24;32817,13;41796,58
04-10-2018;43746,81;37508,51;42496,49;32849,90;41846,50
03-10-2018;43637,99;37435,24;42435,56;32818,16;41835,59
02-10-2018;43578,76;37403,52;42388,77;32763,56;41810,34
01-10-2018;43802,32;37541,17;42475,61;32780,36;41783,32
30-09-2018;43940,72;37626,53;42520,02;32768,13;41742,80
29-09-2018;43940,72;37626,53;42520,02;32768,13;41742,80
28-09-2018;43940,72;37626,53;42520,02;32768,13;41742,80
27-09-2018;44033,27;37659,22;42521,11;32734,46;41696,99
26-09-2018;44264,15;37823,76;42674,01;32829,65;41785,20
25-09-2018;44124,00;37755,60;42636,50;32825,48;41815,82
24-09-2018;44346,12;37913,41;42767,29;32891,57;41870,86
23-09-2018;44508,22;37999,64;42815,89;32901,73;41860,04
22-09-2018;44508,22;37999,64;42815,89;32901,73;41860,04
21-09-2018;44508,22;37999,64;42815,89;32901,73;41860,04
20-09-2018;44656,21;38082,28;42882,00;32935,88;41862,94
19-09-2018;44209,52;37786,51;42615,67;32790,48;41835,32
18-09-2018;44209,52;37786,51;42615,67;32790,48;41835,32
17-09-2018;44209,52;37786,51;42615,67;32790,48;41835,32
16-09-2018;44209,52;37786,51;42615,67;32790,48;41835,32
15-09-2018;44209,52;37786,51;42615,67;32790,48;41835,32
14-09-2018;44209,52;37786,51;42615,67;32790,48;41835,32
13-09-2018;44207,51;37749,25;42564,05;32753,70;41767,81
12-09-2018;44338,11;37818,49;42607,68;32766,34;41760,69
11-09-2018;44253,42;37773,00;42561,79;32738,61;41723,21
10-09-2018;44172,09;37761,41;42572,15;32758,53;41761,54
09-09-2018;44051,78;37668,05;42522,58;32748,65;41797,41
08-09-2018;44051,78;37668,05;42522,58;32748,65;41797,41
07-09-2018;44051,78;37668,05;42522,58;32748,65;41797,41
06-09-2018;44388,83;37876,71;42688,07;32808,73;41817,12
05-09-2018;44802,00;38157,38;42918,75;32909,96;41870,92
04-09-2018;44749,37;38133,66;42886,31;32894,53;41822,86
03-09-2018;44717,00;38108,52;42852,50;32857,76;41775,45
02-09-2018;44542,51;38000,89;42747,76;32789,45;41725,68
01-09-2018;44542,51;38000,89;42747,76;32789,45;41725,68
31-08-2018;44542,51;38000,89;42747,76;32789,45;41725,68
30-08-2018;44490,76;37966,93;42724,40;32788,02;41719,89
29-08-2018;44013,44;37708,90;42562,34;32744,63;41751,59
28-08-2018;43863,70;37634,51;42534,08;32781,82;41817,58
27-08-2018;43765,14;37561,00;42472,37;32743,10;41794,24
26-08-2018;43789,58;37590,91;42494,82;32749,17;41791,18
25-08-2018;43789,58;37590,91;42494,82;32749,17;41791,18
24-08-2018;43789,58;37590,91;42494,82;32749,17;41791,18
23-08-2018;43710,85;37524,99;42440,63;32726,74;41772,38
22-08-2018;43811,87;37566,47;42458,12;32725,55;41762,03
21-08-2018;43877,04;37599,02;42481,25;32749,62;41755,05
20-08-2018;43634,65;37425,23;42332,18;32675,56;41714,11
19-08-2018;43486,60;37335,46;42243,24;32622,21;41660,94
18-08-2018;43486,60;37335,46;42243,24;32622,21;41660,94
17-08-2018;43486,60;37335,46;42243,24;32622,21;41660,94
16-08-2018;43402,07;37276,58;42193,45;32575,87;41622,25
15-08-2018;43368,36;37266,86;42158,63;32538,05;41593,40
14-08-2018;43368,36;37266,86;42158,63;32538,05;41593,40
13-08-2018;43540,41;37386,57;42252,93;32579,11;41582,86
12-08-2018;43592,60;37409,37;42264,56;32567,46;41536,89
11-08-2018;43592,60;37409,37;42264,56;32567,46;41536,89
10-08-2018;43592,60;37409,37;42264,56;32567,46;41536,89
09-08-2018;43691,03;37460,78;42303,58;32585,00;41520,20
08-08-2018;43696,33;37461,81;42289,55;32562,66;41487,61
07-08-2018;43776,49;37518,51;42336,46;32581,47;41476,99
06-08-2018;43696,45;37486,89;42304,01;32552,35;41447,23
05-08-2018;43508,71;37373,76;42220,37;32501,69;41431,75
04-08-2018;43508,71;37373,76;42220,37;32501,69;41431,75
03-08-2018;43508,71;37373,76;42220,37;32501,69;41431,75
02-08-2018;43668,40;37487,29;42318,66;32529,09;41423,11
01-08-2018;43679,64;37497,20;42307,65;32514,45;41402,73
31-07-2018;43676,60;37478,83;42312,22;32525,64;41387,52
30-07-2018;43965,40;37663,58;42449,20;32574,12;41399,12
29-07-2018;44203,94;37826,08;42555,13;32596,43;41404,33
28-07-2018;44203,94;37826,08;42555,13;32596,43;41404,33
27-07-2018;44203,94;37826,08;42555,13;32596,43;41404,33
26-07-2018;44246,15;37843,97;42570,90;32599,92;41401,72
25-07-2018;44324,92;37902,94;42624,23;32618,52;41398,77
24-07-2018;44323,78;37894,91;42616,59;32614,89;41398,48
23-07-2018;44223,56;37814,34;42541,27;32567,46;41353,70
22-07-2018;44074,25;37704,49;42445,86;32518,63;41331,09
21-07-2018;44074,25;37704,49;42445,86;32518,63;41331,09
20-07-2018;44074,25;37704,49;42445,86;32518,63;41331,09
19-07-2018;43913,34;37592,78;42346,91;32463,03;41299,26
18-07-2018;43761,69;37494,15;42258,52;32417,47;41259,45
17-07-2018;43399,70;37257,47;42085,69;32347,62;41252,19
16-07-2018;43287,98;37179,10;41991,08;32293,09;41227,92
15-07-2018;43287,98;37179,10;41991,08;32293,09;41227,92
14-07-2018;43287,98;37179,10;41991,08;32293,09;41227,92
13-07-2018;43287,98;37179,10;41991,08;32293,09;41227,92
12-07-2018;43300,54;37209,99;42039,25;32321,88;41244,03
11-07-2018;43535,87;37347,52;42142,21;32355,75;41240,14
10-07-2018;43483,59;37318,20;42122,83;32349,94;41235,98
09-07-2018;43378,63;37247,88;42063,68;32332,20;41238,81
08-07-2018;43027,55;37020,77;41870,58;32235,61;41201,23
07-07-2018;43027,55;37020,77;41870,58;32235,61;41201,23
06-07-2018;43027,55;37020,77;41870,58;32235,61;41201,23
05-07-2018;42880,61;36930,12;41793,54;32185,61;41163,70
04-07-2018;42909,33;36959,55;41815,47;32189,65;41168,16
03-07-2018;42798,39;36883,19;41737,44;32136,88;41152,24
02-07-2018;42621,10;36749,21;41647,19;32116,32;41139,89
01-07-2018;42621,10;36749,21;41647,19;32116,32;41139,89
30-06-2018;42621,10;36749,21;41647,19;32116,32;41139,89
29-06-2018;42621,10;36749,21;41647,19;32116,32;41139,89
28-06-2018;42565,78;36737,28;41641,90;32096,41;41123,44
27-06-2018;42691,91;36808,65;41670,45;32104,25;41117,17
26-06-2018;42787,39;36881,87;41740,47;32128,07;41113,01
25-06-2018;43071,66;37069,11;41865,53;32164,44;41132,82
24-06-2018;43164,86;37133,28;41909,60;32172,96;41130,95
23-06-2018;43164,86;37133,28;41909,60;32172,96;41130,95
22-06-2018;43164,86;37133,28;41909,60;32172,96;41130,95
21-06-2018;43362,36;37251,04;41982,59;32191,22;41128,50
20-06-2018;43367,79;37251,12;41979,18;32192,67;41125,51
19-06-2018;43493,52;37341,34;42040,88;32193,38;41109,75
18-06-2018;43686,75;37452,38;42121,86;32230,93;41101,02
17-06-2018;43757,17;37501,42;42143,53;32220,36;41071,78
16-06-2018;43757,17;37501,42;42143,53;32220,36;41071,78
15-06-2018;43757,17;37501,42;42143,53;32220,36;41071,78
14-06-2018;43939,49;37614,76;42250,28;32262,47;41062,19
13-06-2018;43987,09;37639,15;42256,60;32261,70;41058,07
12-06-2018;43916,12;37577,60;42204,37;32246,65;41055,58
11-06-2018;43671,97;37418,52;42091,33;32214,44;41057,61
10-06-2018;43682,08;37413,66;42067,30;32158,20;40991,34
09-06-2018;43682,08;37413,66;42067,30;32158,20;40991,34
08-06-2018;43682,08;37413,66;42067,30;32158,20;40991,34
07-06-2018;43770,45;37470,66;42112,48;32182,59;40986,93
06-06-2018;43958,16;37610,75;42249,16;32266,18;41022,54
05-06-2018;43817,94;37517,18;42186,60;32259,09;41017,89
04-06-2018;43619,15;37371,08;42066,80;32193,61;40983,22
03-06-2018;43428,36;37262,85;41999,36;32154,86;40948,44
02-06-2018;43428,36;37262,85;41999,36;32154,86;40948,44
01-06-2018;43428,36;37262,85;41999,36;32154,86;40948,44
31-05-2018;43246,52;37149,61;41921,84;32129,45;40954,76
30-05-2018;43155,28;37102,32;41897,68;32111,18;40945,66
29-05-2018;43553,34;37355,61;42068,67;32196,12;40954,25
28-05-2018;43638,31;37408,56;42115,40;32219,36;40961,12
27-05-2018;43586,53;37349,26;42057,64;32182,54;40894,26
26-05-2018;43586,53;37349,26;42057,64;32182,54;40894,26
25-05-2018;43586,53;37349,26;42057,64;32182,54;40894,26
24-05-2018;43696,31;37412,05;42105,37;32200,79;40891,82
23-05-2018;44034,17;37633,96;42290,36;32285,98;40919,02
22-05-2018;44432,55;37881,66;42469,71;32342,96;40948,11
21-05-2018;44286,00;37812,92;42432,15;32349,44;40958,16
20-05-2018;44286,00;37812,92;42432,15;32349,44;40958,16
19-05-2018;44286,00;37812,92;42432,15;32349,44;40958,16
18-05-2018;44286,00;37812,92;42432,15;32349,44;40958,16
17-05-2018;44357,71;37846,09;42451,13;32353,72;40936,24
16-05-2018;44340,07;37824,36;42435,19;32331,13;40917,15
15-05-2018;44178,09;37725,25;42381,69;32329,41;40943,10
14-05-2018;43979,82;37611,94;42302,10;32304,24;40929,28
13-05-2018;44217,31;37746,70;42367,86;32305,33;40891,60
12-05-2018;44217,31;37746,70;42367,86;32305,33;40891,60
11-05-2018;44217,31;37746,70;42367,86;32305,33;40891,60
10-05-2018;44270,11;37787,30;42398,11;32306,46;40885,14
09-05-2018;44338,91;37851,55;42511,59;32400,25;40966,79
08-05-2018;43904,38;37583,77;42305,62;32321,07;40923,73
07-05-2018;43612,64;37391,04;42171,79;32283,12;40931,26
06-05-2018;43489,17;37311,45;42105,73;32231,28;40874,53
05-05-2018;43489,17;37311,45;42105,73;32231,28;40874,53
04-05-2018;43489,17;37311,45;42105,73;32231,28;40874,53
03-05-2018;43648,27;37419,77;42176,66;32248,29;40855,81
02-05-2018;43489,75;37314,14;42091,49;32214,93;40828,75
01-05-2018;43232,27;37117,90;41913,60;32136,23;40760,78
30-04-2018;43232,27;37117,90;41913,60;32136,23;40760,78
29-04-2018;42968,15;36931,04;41743,66;32054,10;40714,56
28-04-2018;42968,15;36931,04;41743,66;32054,10;40714,56
27-04-2018;42968,15;36931,04;41743,66;32054,10;40714,56
26-04-2018;42864,66;36848,56;41667,37;31993,27;40653,48
25-04-2018;42982,27;36959,94;41793,51;32082,02;40727,64
24-04-2018;43074,95;37025,24;41850,80;32135,27;40790,42
23-04-2018;42972,72;36964,80;41827,24;32141,81;40802,82
22-04-2018;43121,33;37072,92;41906,00;32173,63;40816,02
21-04-2018;43121,33;37072,92;41906,00;32173,63;40816,02
20-04-2018;43121,33;37072,92;41906,00;32173,63;40816,02
19-04-2018;43133,49;37066,92;41905,36;32187,18;40822,59
18-04-2018;42957,90;36940,46;41796,47;32133,56;40813,75
17-04-2018;42868,10;36885,80;41756,04;32096,31;40783,12
16-04-2018;42919,24;36939,47;41807,24;32115,73;40789,98
15-04-2018;43013,71;36992,81;41831,03;32121,21;40783,91
14-04-2018;43013,71;36992,81;41831,03;32121,21;40783,91
13-04-2018;43013,71;36992,81;41831,03;32121,21;40783,91
12-04-2018;43043,41;37004,93;41849,77;32119,73;40772,97
11-04-2018;43193,13;37093,37;41899,89;32132,77;40761,74
10-04-2018;43023,44;36988,82;41832,35;32097,06;40726,17
09-04-2018;42994,02;36976,57;41822,44;32097,41;40705,38
08-04-2018;43095,64;37023,52;41830,88;32112,09;40735,31
07-04-2018;43095,64;37023,52;41830,88;32112,09;40735,31
06-04-2018;43095,64;37023,52;41830,88;32112,09;40735,31
05-04-2018;42816,16;36835,15;41704,97;32058,88;40709,74
04-04-2018;42862,57;36877,96;41716,72;32033,72;40657,61
03-04-2018;42776,64;36830,62;41686,15;32020,93;40641,16
02-04-2018;42892,52;36877,61;41693,74;32025,28;40647,16
01-04-2018;42610,63;36676,95;41552,34;31977,08;40628,81
31-03-2018;42610,63;36676,95;41552,34;31977,08;40628,81
30-03-2018;42610,63;36676,95;41552,34;31977,08;40628,81
29-03-2018;42610,63;36676,95;41552,34;31977,08;40628,81
28-03-2018;42899,75;36869,76;41664,38;31991,16;40592,98
27-03-2018;42929,55;36850,09;41610,00;31944,90;40553,24
26-03-2018;42690,90;36737,41;41544,71;31907,59;40514,39
25-03-2018;43184,70;37012,03;41706,27;31951,77;40484,09
24-03-2018;43184,70;37012,03;41706,27;31951,77;40484,09
23-03-2018;43184,70;37012,03;41706,27;31951,77;40484,09
22-03-2018;43556,58;37238,30;41829,23;31978,72;40488,77
21-03-2018;43667,44;37306,32;41880,33;32006,51;40518,85
20-03-2018;43685,16;37334,76;41921,92;32040,47;40540,59
19-03-2018;43878,62;37445,23;41994,01;32066,83;40547,78
18-03-2018;43742,51;37351,92;41909,27;32012,63;40493,46
17-03-2018;43742,51;37351,92;41909,27;32012,63;40493,46
16-03-2018;43742,51;37351,92;41909,27;32012,63;40493,46
15-03-2018;43703,23;37318,65;41872,46;31993,37;40460,34
14-03-2018;43868,36;37421,91;41936,74;32010,39;40445,43
13-03-2018;43992,89;37478,98;41961,33;32013,29;40430,76
12-03-2018;43764,32;37292,11;41789,29;31919,17;40366,85
11-03-2018;43474,86;37131,62;41691,57;31892,37;40361,82
10-03-2018;43474,86;37131,62;41691,57;31892,37;40361,82
09-03-2018;43474,86;37131,62;41691,57;31892,37;40361,82
08-03-2018;43219,63;36966,13;41595,71;31887,99;40395,25
07-03-2018;43057,76;36856,09;41500,67;31844,00;40378,52
06-03-2018;43030,33;36825,01;41481,93;31840,65;40399,60
05-03-2018;42876,71;36719,43;41411,67;31807,75;40382,00
04-03-2018;42988,23;36802,49;41462,50;31818,64;40348,57
03-03-2018;42988,23;36802,49;41462,50;31818,64;40348,57
02-03-2018;42988,23;36802,49;41462,50;31818,64;40348,57
01-03-2018;43136,77;36875,07;41502,87;31828,16;40332,15
28-02-2018;43208,45;36913,72;41515,12;31831,24;40333,06
27-02-2018;43434,11;37064,41;41631,30;31884,14;40375,54
26-02-2018;43414,30;37066,82;41639,34;31879,07;40363,48
25-02-2018;43280,41;36997,86;41608,14;31869,60;40342,58
24-02-2018;43280,41;36997,86;41608,14;31869,60;40342,58
23-02-2018;43280,41;36997,86;41608,14;31869,60;40342,58
22-02-2018;43277,19;36984,95;41584,52;31855,06;40336,00
21-02-2018;43246,99;36938,52;41543,65;31832,72;40313,14
20-02-2018;43310,04;36946,30;41538,80;31818,84;40293,07
19-02-2018;43190,56;36880,06;41466,05;31766,27;40264,00
18-02-2018;43087,52;36807,05;41372,65;31703,55;40243,80
17-02-2018;43087,52;36807,05;41372,65;31703,55;40243,80
16-02-2018;43087,52;36807,05;41372,65;31703,55;40243,80
15-02-2018;42830,99;36635,01;41250,48;31664,25;40258,59
14-02-2018;42576,56;36455,45;41128,98;31609,73;40217,23
13-02-2018;42740,13;36575,81;41220,27;31631,55;40206,62
12-02-2018;42620,09;36492,42;41189,78;31626,76;40210,47
11-02-2018;42885,14;36708,86;41356,00;31682,21;40186,92
10-02-2018;42885,14;36708,86;41356,00;31682,21;40186,92
09-02-2018;42885,14;36708,86;41356,00;31682,21;40186,92
08-02-2018;43116,24;36820,16;41369,98;31655,76;40153,26
07-02-2018;43471,20;37004,35;41544,01;31734,13;40186,26
06-02-2018;43918,24;37362,97;41808,20;31808,33;40149,59
05-02-2018;44598,04;37750,79;42092,22;31924,87;40196,26
04-02-2018;45052,07;38029,21;42304,81;32028,62;40250,77
03-02-2018;45052,07;38029,21;42304,81;32028,62;40250,77
02-02-2018;45052,07;38029,21;42304,81;32028,62;40250,77
01-02-2018;45223,98;38136,07;42374,77;32055,01;40271,77
31-01-2018;45221,22;38137,82;42402,44;32085,39;40286,61
30-01-2018;45570,49;38353,83;42563,52;32150,29;40315,67
29-01-2018;45420,26;38249,79;42494,33;32155,79;40354,13
28-01-2018;45218,30;38123,39;42421,79;32129,72;40340,73
27-01-2018;45218,30;38123,39;42421,79;32129,72;40340,73
26-01-2018;45218,30;38123,39;42421,79;32129,72;40340,73
25-01-2018;45422,16;38218,54;42461,89;32107,65;40280,48
24-01-2018;45475,80;38270,55;42482,51;32085,33;40262,49
23-01-2018;45273,49;38121,98;42341,67;32023,77;40218,46
22-01-2018;45172,93;38074,89;42319,77;32022,26;40213,64
21-01-2018;44899,70;37902,74;42183,09;31966,74;40199,39
20-01-2018;44899,70;37902,74;42183,09;31966,74;40199,39
19-01-2018;44899,70;37902,74;42183,09;31966,74;40199,39
18-01-2018;44836,54;37837,24;42145,44;31966,22;40209,14
17-01-2018;44480,62;37620,29;41944,85;31855,77;40108,57
16-01-2018;44462,89;37575,56;41880,83;31811,75;40092,04
15-01-2018;44462,89;37575,56;41880,83;31811,75;40092,04
14-01-2018;44466,72;37570,54;41888,20;31813,03;40062,58
13-01-2018;44466,72;37570,54;41888,20;31813,03;40062,58
12-01-2018;44466,72;37570,54;41888,20;31813,03;40062,58
11-01-2018;44410,75;37544,43;41863,68;31794,58;40054,96
10-01-2018;44402,57;37564,54;41924,51;31866,89;40161,69
09-01-2018;44333,65;37522,91;41887,85;31845,08;40145,30
08-01-2018;44207,72;37436,47;41825,93;31828,61;40143,85
07-01-2018;43854,92;37199,86;41631,58;31738,57;40102,68
06-01-2018;43854,92;37199,86;41631,58;31738,57;40102,68
05-01-2018;43854,92;37199,86;41631,58;31738,57;40102,68
04-01-2018;43619,70;37064,61;41545,21;31706,17;40124,61
03-01-2018;43629,45;37054,69;41540,32;31702,63;40121,36
02-01-2018;43642,58;37058,67;41562,26;31720,05;40117,42
01-01-2018;43576,89;36998,77;41492,26;31678,63;40081,08
31-12-2017;43576,89;36998,77;41492,26;31678,63;40081,08
30-12-2017;43576,89;36998,77;41492,26;31678,63;40081,08
29-12-2017;43576,89;36998,77;41492,26;31678,63;40081,08
28-12-2017;43490,25;36923,95;41433,90;31659,43;40070,07
27-12-2017;43609,40;37000,51;41483,42;31663,55;40055,32
26-12-2017;43734,70;37061,96;41507,22;31650,74;40020,15
25-12-2017;43564,45;36946,95;41402,31;31606,29;39997,64
24-12-2017;43564,45;36946,95;41402,31;31606,29;39997,64
23-12-2017;43564,45;36946,95;41402,31;31606,29;39997,64
22-12-2017;43564,45;36946,95;41402,31;31606,29;39997,64
21-12-2017;43589,11;36944,40;41356,19;31532,15;39879,68
20-12-2017;43639,94;36973,06;41343,07;31478,15;39798,32
19-12-2017;43742,85;37033,27;41387,67;31498,98;39809,52
18-12-2017;43760,65;36918,79;41221,51;31367,88;39604,00
17-12-2017;43741,55;36893,19;41207,62;31356,15;39564,81
16-12-2017;43741,55;36893,19;41207,62;31356,15;39564,81
15-12-2017;43741,55;36893,19;41207,62;31356,15;39564,81
14-12-2017;44141,64;37120,38;41391,12;31437,54;39580,23
13-12-2017;44287,63;37209,92;41487,44;31492,62;39599,21
12-12-2017;44262,51;37176,58;41458,42;31481,04;39603,03
11-12-2017;44029,74;37018,85;41361,95;31477,57;39638,18
10-12-2017;43712,84;36824,84;41243,71;31453,32;39643,18
09-12-2017;43712,84;36824,84;41243,71;31453,32;39643,18
08-12-2017;43712,84;36824,84;41243,71;31453,32;39643,18
07-12-2017;43712,84;36824,84;41243,71;31453,32;39643,18
06-12-2017;43920,60;36983,54;41356,45;31483,69;39665,86
05-12-2017;43888,22;36971,90;41351,84;31477,42;39695,39
04-12-2017;43862,67;36952,54;41351,33;31490,36;39699,93
03-12-2017;43792,14;36892,88;41286,27;31459,36;39665,47
02-12-2017;43792,14;36892,88;41286,27;31459,36;39665,47
01-12-2017;43792,14;36892,88;41286,27;31459,36;39665,47
30-11-2017;43880,64;36972,57;41353,41;31474,90;39660,50
29-11-2017;43886,68;36986,26;41352,78;31470,72;39653,86
28-11-2017;43516,88;36771,70;41218,12;31441,24;39682,78
27-11-2017;43518,28;36763,72;41190,97;31406,72;39649,94
26-11-2017;43464,19;36729,18;41141,27;31369,16;39624,80
25-11-2017;43464,19;36729,18;41141,27;31369,16;39624,80
24-11-2017;43464,19;36729,18;41141,27;31369,16;39624,80
23-11-2017;43678,53;36911,84;41320,09;31460,39;39703,06
22-11-2017;43677,49;36939,87;41365,20;31495,95;39765,55
21-11-2017;43427,86;36829,12;41340,35;31551,49;39864,34
20-11-2017;43309,30;36795,29;41310,60;31511,56;39849,68
19-11-2017;43162,77;36685,88;41221,23;31483,78;39850,59
18-11-2017;43162,77;36685,88;41221,23;31483,78;39850,59
17-11-2017;43162,77;36685,88;41221,23;31483,78;39850,59
16-11-2017;42889,85;36541,36;41161,42;31498,08;39915,20
15-11-2017;43079,91;36670,20;41267,40;31543,91;39930,97
14-11-2017;43276,72;36795,76;41364,30;31582,58;39930,37
13-11-2017;43364,61;36861,15;41418,35;31594,36;39922,14
12-11-2017;43543,58;36973,00;41503,62;31625,14;39903,88
11-11-2017;43543,58;36973,00;41503,62;31625,14;39903,88
10-11-2017;43543,58;36973,00;41503,62;31625,14;39903,88
09-11-2017;43648,49;37039,82;41542,30;31628,47;39885,13
08-11-2017;43762,89;37113,63;41581,15;31610,89;39826,81
07-11-2017;43798,46;37131,30;41591,74;31612,85;39818,73
06-11-2017;43563,79;36973,88;41472,62;31568,25;39800,64
05-11-2017;43677,80;37043,84;41542,92;31603,25;39805,00
04-11-2017;43677,80;37043,84;41542,92;31603,25;39805,00
03-11-2017;43677,80;37043,84;41542,92;31603,25;39805,00
02-11-2017;43893,44;37192,48;41653,32;31630,85;39788,16
01-11-2017;43726,79;37079,17;41558,34;31591,78;39764,88
31-10-2017;43726,79;37079,17;41558,34;31591,78;39764,88
30-10-2017;43311,36;36779,84;41289,09;31479,51;39706,73
29-10-2017;43293,27;36760,58;41253,54;31432,91;39646,53
28-10-2017;43293,27;36760,58;41253,54;31432,91;39646,53
27-10-2017;43293,27;36760,58;41253,54;31432,91;39646,53
26-10-2017;43293,27;36760,58;41253,54;31432,91;39646,53
25-10-2017;43392,83;36852,52;41384,47;31541,18;39749,34
24-10-2017;43348,71;36817,14;41321,98;31479,68;39691,48
23-10-2017;43282,09;36726,42;41164,48;31355,16;39552,35
22-10-2017;43038,79;36538,77;40970,04;31225,12;39432,37
21-10-2017;43038,79;36538,77;40970,04;31225,12;39432,37
20-10-2017;43038,79;36538,77;40970,04;31225,12;39432,37
19-10-2017;43085,65;36578,16;40977,64;31207,78;39397,11
18-10-2017;42883,63;36453,95;40897,45;31185,34;39415,33
17-10-2017;42810,71;36411,16;40876,31;31194,01;39443,03
16-10-2017;42843,99;36426,65;40899,10;31223,35;39464,93
15-10-2017;42907,49;36471,13;40924,42;31227,55;39459,73
14-10-2017;42907,49;36471,13;40924,42;31227,55;39459,73
13-10-2017;42907,49;36471,13;40924,42;31227,55;39459,73
12-10-2017;42983,11;36520,30;40982,80;31275,65;39511,20
11-10-2017;43057,50;36567,59;41019,63;31291,47;39523,74
10-10-2017;43091,88;36616,34;41089,86;31348,89;39608,87
09-10-2017;42933,67;36545,81;41109,25;31454,23;39818,77
08-10-2017;42933,67;36545,81;41109,25;31454,23;39818,77
07-10-2017;42933,67;36545,81;41109,25;31454,23;39818,77
06-10-2017;42933,67;36545,81;41109,25;31454,23;39818,77
05-10-2017;42961,89;36591,16;41199,11;31538,51;39912,58
04-10-2017;43096,28;36688,50;41318,58;31629,26;39986,41
03-10-2017;43102,99;36698,40;41343,21;31663,81;40024,34
02-10-2017;42862,70;36566,54;41271,85;31680,72;40069,23
01-10-2017;42613,77;36425,68;41195,03;31694,36;40128,72
30-09-2017;42613,77;36425,68;41195,03;31694,36;40128,72
29-09-2017;42613,77;36425,68;41195,03;31694,36;40128,72
28-09-2017;42607,78;36428,15;41190,14;31697,60;40138,87
27-09-2017;42389,40;36283,40;41084,81;31670,66;40139,10
26-09-2017;42260,90;36203,58;41008,24;31636,53;40122,31
25-09-2017;42266,26;36185,77;40972,91;31609,65;40107,97
24-09-2017;42277,29;36156,72;40911,21;31542,44;40038,34
23-09-2017;42277,29;36156,72;40911,21;31542,44;40038,34
22-09-2017;42277,29;36156,72;40911,21;31542,44;40038,34
21-09-2017;42211,28;36099,96;40851,26;31507,27;40013,91
20-09-2017;42336,13;36171,03;40916,05;31535,39;40019,56
19-09-2017;42189,64;36094,54;40873,14;31533,00;40026,20
18-09-2017;42189,64;36094,54;40873,14;31533,00;40026,20
17-09-2017;42189,64;36094,54;40873,14;31533,00;40026,20
16-09-2017;42189,64;36094,54;40873,14;31533,00;40026,20
15-09-2017;42189,64;36094,54;40873,14;31533,00;40026,20
14-09-2017;42148,18;36084,08;40893,37;31565,61;40062,25
13-09-2017;42074,03;36044,78;40854,43;31543,42;40050,13
12-09-2017;41832,70;35901,26;40778,12;31554,39;40098,67
11-09-2017;41420,21;35655,99;40598,20;31489,87;40093,11
10-09-2017;41252,36;35536,46;40475,04;31414,42;40054,72
09-09-2017;41252,36;35536,46;40475,04;31414,42;40054,72
08-09-2017;41252,36;35536,46;40475,04;31414,42;40054,72
07-09-2017;41397,16;35630,92;40547,52;31437,15;40067,04
06-09-2017;41389,46;35640,41;40559,18;31434,42;40070,14
05-09-2017;41627,64;35781,03;40661,47;31462,93;40074,49
04-09-2017;41671,17;35809,02;40673,75;31456,17;40066,28
03-09-2017;41768,21;35861,01;40705,46;31443,32;40035,08
02-09-2017;41768,21;35861,01;40705,46;31443,32;40035,08
01-09-2017;41768,21;35861,01;40705,46;31443,32;40035,08
31-08-2017;41622,22;35769,68;40631,52;31406,80;40021,59
30-08-2017;41446,04;35660,24;40558,68;31382,21;40007,70
29-08-2017;41717,13;35826,49;40672,52;31412,59;39996,53
28-08-2017;41959,99;35972,97;40793,29;31476,33;40013,05
27-08-2017;41967,35;35973,93;40793,82;31477,92;40001,80
26-08-2017;41967,35;35973,93;40793,82;31477,92;40001,80
25-08-2017;41967,35;35973,93;40793,82;31477,92;40001,80
24-08-2017;42065,67;36043,09;40869,52;31537,13;40036,99
23-08-2017;42019,10;36025,77;40869,75;31566,13;40083,09
22-08-2017;41906,13;35956,04;40836,55;31558,83;40079,03
21-08-2017;42063,25;36053,32;40909,41;31574,98;40067,49
20-08-2017;42035,81;36040,39;40892,51;31558,33;40054,66
19-08-2017;42035,81;36040,39;40892,51;31558,33;40054,66
18-08-2017;42035,81;36040,39;40892,51;31558,33;40054,66
17-08-2017;42197,45;36123,40;40930,12;31567,97;40066,92
16-08-2017;42104,55;36053,77;40863,68;31540,84;40050,67
15-08-2017;41851,33;35892,24;40746,30;31495,46;40020,71
14-08-2017;41851,33;35892,24;40746,30;31495,46;40020,71
13-08-2017;41938,65;35936,19;40749,84;31441,53;39945,41
12-08-2017;41938,65;35936,19;40749,84;31441,53;39945,41
11-08-2017;41938,65;35936,19;40749,84;31441,53;39945,41
10-08-2017;42386,84;36207,52;40951,61;31514,87;39974,21
09-08-2017;42588,95;36350,03;41081,90;31579,51;40000,22
08-08-2017;42633,64;36368,36;41086,45;31565,44;39953,67
07-08-2017;42503,16;36294,16;41033,03;31560,91;39975,65
06-08-2017;42467,33;36283,83;41054,78;31605,57;40022,40
05-08-2017;42467,33;36283,83;41054,78;31605,57;40022,40
04-08-2017;42467,33;36283,83;41054,78;31605,57;40022,40
03-08-2017;42707,65;36456,47;41200,61;31685,59;40080,86
02-08-2017;42602,11;36377,38;41136,79;31651,77;40066,86
01-08-2017;42523,72;36323,84;41090,93;31622,29;40049,97
31-07-2017;42423,01;36270,72;41040,26;31588,21;40033,34
30-07-2017;42305,35;36185,42;40957,42;31523,00;39991,87
29-07-2017;42305,35;36185,42;40957,42;31523,00;39991,87
28-07-2017;42305,35;36185,42;40957,42;31523,00;39991,87
27-07-2017;42282,12;36163,36;40941,55;31514,84;39986,56
26-07-2017;42221,57;36118,43;40887,21;31469,44;39953,95
25-07-2017;42246,30;36131,93;40922,75;31500,82;39976,94
24-07-2017;42347,83;36188,28;40953,67;31484,86;39927,28
23-07-2017;42375,57;36190,81;40919,88;31427,51;39870,12
22-07-2017;42375,57;36190,81;40919,88;31427,51;39870,12
21-07-2017;42375,57;36190,81;40919,88;31427,51;39870,12
20-07-2017;42429,59;36222,09;40925,43;31417,71;39861,12
19-07-2017;42390,97;36194,42;40924,24;31427,77;39857,49
18-07-2017;42409,20;36215,34;40938,98;31442,89;39866,76
17-07-2017;42380,92;36199,93;40939,02;31465,93;39886,25
16-07-2017;42309,23;36168,99;40945,19;31507,45;39938,63
15-07-2017;42309,23;36168,99;40945,19;31507,45;39938,63
14-07-2017;42309,23;36168,99;40945,19;31507,45;39938,63
13-07-2017;42253,30;36150,54;41005,32;31598,66;40025,49
12-07-2017;42130,48;36055,13;40925,24;31542,72;39984,38
11-07-2017;42022,04;35978,82;40830,30;31475,44;39939,81
10-07-2017;41851,49;35871,71;40737,17;31437,97;39931,41
09-07-2017;41790,51;35838,43;40741,97;31456,54;39953,14
08-07-2017;41790,51;35838,43;40741,97;31456,54;39953,14
07-07-2017;41790,51;35838,43;40741,97;31456,54;39953,14
06-07-2017;41904,90;35932,01;40835,09;31542,01;40017,50
05-07-2017;41705,94;35804,90;40745,28;31512,21;40003,18
04-07-2017;41642,00;35762,53;40727,95;31531,80;40031,79
03-07-2017;41701,12;35801,21;40778,31;31562,61;40037,83
02-07-2017;41650,40;35769,48;40756,05;31550,57;40024,90
01-07-2017;41650,40;35769,48;40756,05;31550,57;40024,90
30-06-2017;41650,40;35769,48;40756,05;31550,57;40024,90
29-06-2017;41760,11;35860,16;40835,62;31601,49;40065,20
28-06-2017;41705,70;35838,62;40832,50;31600,70;40067,13
27-06-2017;41835,52;35940,96;40930,57;31673,45;40120,70
26-06-2017;41768,69;35897,12;40916,45;31684,58;40144,04
25-06-2017;41768,69;35897,12;40916,45;31684,58;40144,04
24-06-2017;41768,69;35897,12;40916,45;31684,58;40144,04
23-06-2017;41768,69;35897,12;40916,45;31684,58;40144,04
22-06-2017;41748,82;35879,46;40889,08;31662,46;40124,12
21-06-2017;41871,44;35973,80;40980,12;31704,54;40142,58
20-06-2017;41978,92;36042,73;41040,03;31749,35;40174,17
19-06-2017;41856,59;35966,68;41000,47;31737,54;40164,08
18-06-2017;41919,27;36014,20;41048,41;31773,46;40181,08
17-06-2017;41919,27;36014,20;41048,41;31773,46;40181,08
16-06-2017;41919,27;36014,20;41048,41;31773,46;40181,08
15-06-2017;41868,39;35984,68;41032,66;31765,88;40174,87
14-06-2017;41930,96;36023,72;41049,25;31761,58;40172,18
13-06-2017;41788,01;35921,28;40965,93;31720,01;40147,21
12-06-2017;42041,99;36093,26;41108,64;31780,88;40173,17
11-06-2017;42127,70;36146,58;41162,70;31805,55;40180,25
10-06-2017;42127,70;36146,58;41162,70;31805,55;40180,25
09-06-2017;42127,70;36146,58;41162,70;31805,55;40180,25
08-06-2017;42255,64;36236,35;41253,70;31856,55;40188,23
07-06-2017;42273,21;36256,99;41277,66;31863,86;40180,29
06-06-2017;42283,24;36258,62;41272,82;31861,14;40174,45
05-06-2017;42336,49;36281,54;41289,44;31862,51;40164,73
04-06-2017;42222,47;36184,63;41173,48;31779,46;40114,44
03-06-2017;42222,47;36184,63;41173,48;31779,46;40114,44
02-06-2017;42222,47;36184,63;41173,48;31779,46;40114,44
01-06-2017;42023,49;36046,02;41071,76;31742,22;40089,66
31-05-2017;42191,49;36140,00;41116,82;31718,22;40052,83
30-05-2017;42120,47;36076,48;41016,69;31642,66;40000,75
29-05-2017;41957,84;35980,95;40940,38;31618,34;39995,19
28-05-2017;41825,91;35907,41;40911,85;31642,47;40030,46
27-05-2017;41825,91;35907,41;40911,85;31642,47;40030,46
26-05-2017;41825,91;35907,41;40911,85;31642,47;40030,46
25-05-2017;41946,85;35990,74;41012,65;31702,79;40056,70
24-05-2017;41793,02;35886,89;40921,90;31659,08;40036,37
23-05-2017;41565,78;35741,71;40812,20;31614,12;40034,15
22-05-2017;41596,92;35759,61;40832,07;31633,36;40038,79
21-05-2017;41583,56;35753,46;40847,60;31649,28;40060,43
20-05-2017;41583,56;35753,46;40847,60;31649,28;40060,43
19-05-2017;41583,56;35753,46;40847,60;31649,28;40060,43
18-05-2017;41697,42;35826,47;40920,44;31676,21;40016,14
17-05-2017;41909,99;35932,87;40935,14;31637,39;39981,61
16-05-2017;41938,17;35947,82;40934,65;31632,02;39982,05
15-05-2017;41842,58;35870,21;40844,57;31571,86;39940,22
14-05-2017;41799,96;35837,52;40799,82;31540,29;39912,24
13-05-2017;41799,96;35837,52;40799,82;31540,29;39912,24
12-05-2017;41799,96;35837,52;40799,82;31540,29;39912,24
11-05-2017;41850,24;35880,11;40863,18;31601,01;39966,78
10-05-2017;42006,10;35975,65;40943,23;31634,59;39977,44
09-05-2017;41919,42;35950,81;40968,17;31685,57;40032,72
08-05-2017;41857,41;35923,78;40985,56;31720,73;40076,01
07-05-2017;41761,00;35865,18;40925,62;31682,35;40055,60
06-05-2017;41761,00;35865,18;40925,62;31682,35;40055,60
05-05-2017;41761,00;35865,18;40925,62;31682,35;40055,60
04-05-2017;41561,19;35744,44;40859,83;31690,33;40081,68
03-05-2017;41498,53;35711,23;40835,53;31684,42;40086,25
02-05-2017;41264,52;35544,94;40682,65;31621,75;40058,69
01-05-2017;41201,46;35495,06;40622,00;31578,74;40027,62
30-04-2017;41201,46;35495,06;40622,00;31578,74;40027,62
29-04-2017;41201,46;35495,06;40622,00;31578,74;40027,62
28-04-2017;41201,46;35495,06;40622,00;31578,74;40027,62
27-04-2017;41299,96;35558,58;40650,35;31558,69;39998,24
26-04-2017;41088,07;35441,06;40582,36;31554,56;40020,02
25-04-2017;40600,75;35149,38;40371,56;31493,88;40019,39
24-04-2017;40088,03;34823,36;40126,16;31411,28;40010,58
23-04-2017;40026,78;34772,26;40074,58;31382,88;39998,44
22-04-2017;40026,78;34772,26;40074,58;31382,88;39998,44
21-04-2017;40026,78;34772,26;40074,58;31382,88;39998,44
20-04-2017;39861,45;34679,78;40021,15;31363,27;39993,66
19-04-2017;39984,87;34762,23;40094,61;31402,22;40019,61
18-04-2017;39984,87;34762,23;40094,61;31402,22;40019,61
17-04-2017;39946,52;34712,14;39998,96;31299,59;39932,37
16-04-2017;40164,41;34835,02;40072,08;31312,23;39917,20
15-04-2017;40164,41;34835,02;40072,08;31312,23;39917,20
14-04-2017;40164,41;34835,02;40072,08;31312,23;39917,20
13-04-2017;40164,41;34835,02;40072,08;31312,23;39917,20
12-04-2017;40177,42;34836,41;40063,37;31294,35;39892,55
11-04-2017;40288,19;34899,21;40099,48;31294,14;39886,35
10-04-2017;40394,51;34966,53;40137,85;31294,99;39873,07
09-04-2017;40376,22;34945,38;40105,52;31261,69;39846,83
08-04-2017;40376,22;34945,38;40105,52;31261,69;39846,83
07-04-2017;40376,22;34945,38;40105,52;31261,69;39846,83
06-04-2017;40381,83;34942,73;40106,14;31265,59;39839,91
05-04-2017;40468,47;34976,33;40143,01;31297,39;39851,92
04-04-2017;40299,26;34856,94;40029,50;31234,33;39808,09
03-04-2017;40529,78;35005,62;40149,31;31282,27;39821,69
02-04-2017;40582,59;35034,42;40136,18;31245,11;39778,24
01-04-2017;40582,59;35034,42;40136,18;31245,11;39778,24
31-03-2017;40582,59;35034,42;40136,18;31245,11;39778,24
30-03-2017;40654,74;35075,69;40169,76;31247,96;39759,46
29-03-2017;40686,40;35088,74;40176,53;31244,15;39755,66
28-03-2017;40276,29;34807,68;39955,57;31165,90;39728,23
27-03-2017;40202,16;34751,99;39887,67;31119,71;39694,70
26-03-2017;40082,55;34653,87;39797,90;31072,40;39673,76
25-03-2017;40082,55;34653,87;39797,90;31072,40;39673,76
24-03-2017;40082,55;34653,87;39797,90;31072,40;39673,76
23-03-2017;39987,41;34570,87;39720,03;31024,82;39634,27
22-03-2017;39845,23;34476,23;39618,21;30951,35;39572,56
21-03-2017;40169,78;34658,85;39754,01;31019,73;39609,23
20-03-2017;40083,36;34594,34;39691,24;30981,31;39581,08
19-03-2017;40024,39;34524,16;39610,22;30922,52;39525,17
18-03-2017;40024,39;34524,16;39610,22;30922,52;39525,17
17-03-2017;40024,39;34524,16;39610,22;30922,52;39525,17
16-03-2017;40054,38;34498,37;39547,51;30864,42;39460,62
15-03-2017;39809,90;34354,40;39467,03;30836,01;39464,45
14-03-2017;39672,46;34279,78;39441,94;30858,87;39500,53
13-03-2017;39429,82;34115,97;39320,18;30829,56;39498,92
12-03-2017;39326,21;34063,70;39289,31;30824,09;39519,81
11-03-2017;39326,21;34063,70;39289,31;30824,09;39519,81
10-03-2017;39326,21;34063,70;39289,31;30824,09;39519,81
09-03-2017;39278,46;34057,09;39308,98;30856,28;39551,96
08-03-2017;39300,43;34069,14;39335,38;30885,25;39567,57
07-03-2017;39232,99;34018,08;39288,56;30871,12;39560,88
06-03-2017;39050,11;33890,35;39189,48;30844,84;39562,41
05-03-2017;38979,77;33849,67;39150,88;30814,66;39538,37
04-03-2017;38979,77;33849,67;39150,88;30814,66;39538,37
03-03-2017;38979,77;33849,67;39150,88;30814,66;39538,37
02-03-2017;38932,90;33801,53;39100,73;30789,96;39521,97
01-03-2017;38579,71;33590,87;38973,59;30744,44;39514,99
28-02-2017;38463,68;33506,82;38882,24;30690,02;39477,84
27-02-2017;38490,14;33520,64;38895,70;30693,41;39473,24
26-02-2017;38371,32;33443,87;38805,17;30630,98;39420,24
25-02-2017;38371,32;33443,87;38805,17;30630,98;39420,24
24-02-2017;38371,32;33443,87;38805,17;30630,98;39420,24
23-02-2017;38378,43;33435,70;38779,17;30605,29;39393,03
22-02-2017;38402,64;33443,53;38775,52;30585,80;39366,10
21-02-2017;38225,64;33337,28;38702,32;30561,11;39368,27
20-02-2017;38247,89;33350,95;38729,64;30583,44;39386,22
19-02-2017;38036,32;33206,62;38598,86;30508,95;39341,74
18-02-2017;38036,32;33206,62;38598,86;30508,95;39341,74
17-02-2017;38036,32;33206,62;38598,86;30508,95;39341,74
16-02-2017;38052,85;33211,72;38606,09;30520,99;39350,13
15-02-2017;38028,89;33205,10;38612,52;30531,32;39362,93
14-02-2017;38041,07;33211,97;38617,95;30533,05;39352,66
13-02-2017;37910,84;33117,11;38546,35;30503,84;39335,04
12-02-2017;37973,96;33145,79;38579,17;30516,40;39336,36
11-02-2017;37973,96;33145,79;38579,17;30516,40;39336,36
10-02-2017;37973,96;33145,79;38579,17;30516,40;39336,36
09-02-2017;37818,78;33031,15;38491,61;30478,58;39300,42
08-02-2017;37716,17;32954,50;38411,04;30423,76;39251,42
07-02-2017;37471,04;32781,43;38238,64;30321,85;39181,35
06-02-2017;37558,94;32835,28;38288,62;30356,91;39204,78
05-02-2017;37464,72;32767,48;38231,35;30335,68;39189,50
04-02-2017;37464,72;32767,48;38231,35;30335,68;39189,50
03-02-2017;37464,72;32767,48;38231,35;30335,68;39189,50
02-02-2017;37559,36;32818,41;38264,66;30335,78;39172,80
01-02-2017;37455,92;32741,56;38188,53;30285,65;39131,20
31-01-2017;37617,60;32843,32;38251,08;30297,16;39118,26
30-01-2017;37829,04;32985,99;38350,21;30312,43;39107,30
29-01-2017;37785,78;32963,88;38336,84;30306,91;39107,93
28-01-2017;37785,78;32963,88;38336,84;30306,91;39107,93
27-01-2017;37785,78;32963,88;38336,84;30306,91;39107,93
26-01-2017;37807,84;32971,71;38349,78;30319,60;39113,80
25-01-2017;37672,39;32877,53;38281,12;30287,21;39089,46
24-01-2017;37470,10;32740,97;38170,69;30244,54;39062,33
23-01-2017;37707,04;32898,31;38305,06;30313,15;39099,33
22-01-2017;37699,67;32901,21;38287,75;30291,58;39069,30
21-01-2017;37699,67;32901,21;38287,75;30291,58;39069,30
20-01-2017;37699,67;32901,21;38287,75;30291,58;39069,30
19-01-2017;37731,17;32917,04;38302,25;30296,63;39072,31
18-01-2017;37611,70;32836,34;38254,20;30302,61;39099,53
17-01-2017;37757,77;32937,57;38342,56;30349,88;39119,86
16-01-2017;37755,53;32940,19;38342,91;30353,99;39128,10
15-01-2017;37819,77;32980,24;38386,68;30385,76;39161,21
14-01-2017;37819,77;32980,24;38386,68;30385,76;39161,21
13-01-2017;37819,77;32980,24;38386,68;30385,76;39161,21
12-01-2017;38094,09;33141,93;38500,35;30421,89;39139,99
11-01-2017;37892,84;33010,74;38392,44;30386,44;39125,27
10-01-2017;37816,36;32965,52;38374,29;30402,02;39157,74
09-01-2017;37656,71;32869,47;38290,40;30362,45;39149,45
08-01-2017;37705,37;32905,08;38350,06;30406,89;39189,67
07-01-2017;37705,37;32905,08;38350,06;30406,89;39189,67
06-01-2017;37705,37;32905,08;38350,06;30406,89;39189,67
05-01-2017;37782,19;32942,06;38359,12;30402,15;39170,96
04-01-2017;37650,29;32833,83;38232,40;30304,17;39073,89
03-01-2017;37385,54;32647,78;38063,61;30199,77;38997,40
02-01-2017;37233,49;32528,78;37945,38;30136,73;38956,37
01-01-2017;37233,49;32528,78;37945,38;30136,73;38956,37
